"resource","column_name","data_type","row_count","not_null_proportion","distinct_proportion","distinct_count","is_unique","min","max","avg","median","profiled_at"
stg_tpcds_catalog_page,catalog_page_sk,integer,11718.000000,1.0,1.0,11718,true,"1","11718",5859.5,"5859.5","2024-05-27 15:12:45.639+02"
stg_tpcds_catalog_page,catalog_page_id,varchar,11718.000000,1.0,1.0,11718,true,AAAAAAAAAAABAAAA,AAAAAAAAPPPBAAAA,,AAAAAAAAHPOAAAAA,"2024-05-27 15:12:45.639+02"
stg_tpcds_catalog_page,start_date_sk,integer,11718.000000,0.9913807817033623,0.007765830346475508,91,false,"2450815","2453005",2451882.888783679,"2451910.0","2024-05-27 15:12:45.639+02"
stg_tpcds_catalog_page,end_date_sk,integer,11718.000000,0.9907834101382489,0.008277863116572795,97,false,"2450844","2453186",2451942.887683032,"2451939.0","2024-05-27 15:12:45.639+02"
stg_tpcds_catalog_page,department,varchar,11718.000000,0.9912954429083461,0.0000853387950162,1,false,DEPARTMENT,DEPARTMENT,,DEPARTMENT,"2024-05-27 15:12:45.639+02"
stg_tpcds_catalog_page,catalog_number,integer,11718.000000,0.9897593445980543,0.009301928656767367,109,false,"1","109",54.7319365407829,"55.0","2024-05-27 15:12:45.639+02"
stg_tpcds_catalog_page,catalog_page_number,integer,11718.000000,0.9911247653183137,0.009216589861751152,108,false,"1","108",54.42672636473222,"54.0","2024-05-27 15:12:45.639+02"
stg_tpcds_catalog_page,description,varchar,11718.000000,0.9901006997781191,0.9901006997781191,11602,false,"A bit important centres obtain so letters. Very, thin musicians require ","Youngsters must provide other, intermediate clouds. Yesterday whole cars h",,"Men can lose. Effects ought to work instead intellectual, occupational r","2024-05-27 15:12:45.639+02"
stg_tpcds_catalog_page,type,varchar,11718.000000,0.9906980713432326,0.0002560163850486,3,false,bi-annual,quarterly,,monthly,"2024-05-27 15:12:45.639+02"
stg_tpcds_ship_mode,ship_mode_sk,integer,20.000000,1.0,1.0,20,true,"1","20",10.5,"10.5","2024-05-27 15:12:45.639+02"
stg_tpcds_ship_mode,ship_mode_id,varchar,20.000000,1.0,1.0,20,true,AAAAAAAAABAAAAAA,AAAAAAAAPAAAAAAA,,AAAAAAAAFAAAAAAA,"2024-05-27 15:12:45.639+02"
stg_tpcds_ship_mode,type,varchar,20.000000,1.0,0.3,6,false,EXPRESS,TWO DAY,,NEXT DAY,"2024-05-27 15:12:45.639+02"
stg_tpcds_ship_mode,code,varchar,20.000000,1.0,0.2,4,false,AIR,SURFACE,,SEA,"2024-05-27 15:12:45.639+02"
stg_tpcds_ship_mode,carrier,varchar,20.000000,1.0,1.0,20,true,AIRBORNE,ZOUROS,,HARMSTORF,"2024-05-27 15:12:45.639+02"
stg_tpcds_ship_mode,contract,varchar,20.000000,1.0,1.0,20,true,"2mM8l",yVfotg7Tio3MVhBg6Bkn,,OrDuVy2H,"2024-05-27 15:12:45.639+02"
stg_tpcds_store_returns,returned_date_sk,integer,143833.000000,0.9641181091960815,0.013905014843603345,2000,false,"2450821","2452822",2451869.9866519556,"2451889.0","2024-05-27 15:12:45.639+02"
stg_tpcds_store_returns,return_time_sk,integer,143833.000000,0.9646325947452948,0.2223968074085919,31988,false,"28799","61199",45008.84861545558,"44970.0","2024-05-27 15:12:45.639+02"
stg_tpcds_store_returns,item_sk,integer,143833.000000,1.0,0.06255866178137146,8998,false,"1","9000",4496.737229981993,"4492.0","2024-05-27 15:12:45.639+02"
stg_tpcds_store_returns,customer_sk,integer,143833.000000,0.9650566976980248,0.30146072180932054,43360,false,"1","50000",24889.192655989973,"24851.0","2024-05-27 15:12:45.639+02"
stg_tpcds_store_returns,cdemo_sk,integer,143833.000000,0.9644587820597499,0.897040317590539,129024,false,"10","960395",480649.71421053767,"480842.0","2024-05-27 15:12:45.639+02"
stg_tpcds_store_returns,hdemo_sk,integer,143833.000000,0.9651053652499774,0.05005805343697205,7200,false,"1","7200",3604.9200729033096,"3609.0","2024-05-27 15:12:45.639+02"
stg_tpcds_store_returns,addr_sk,integer,143833.000000,0.9644031620003755,0.17316610235481428,24907,false,"1","25000",12494.679568605683,"12516.0","2024-05-27 15:12:45.639+02"
stg_tpcds_store_returns,store_sk,integer,143833.000000,0.9644657345671717,0.0000208575222654,3,false,"1","4",2.326256830207177,"2.0","2024-05-27 15:12:45.639+02"
stg_tpcds_store_returns,reason_sk,integer,143833.000000,0.9649176475495888,0.0001181926261706,17,false,"1","17",8.99626766195681,"9.0","2024-05-27 15:12:45.639+02"
stg_tpcds_store_returns,ticket_number,integer,143833.000000,1.0,0.589391864175815,84774,false,"1","120000",60095.283926498094,"60175.0","2024-05-27 15:12:45.639+02"
stg_tpcds_store_returns,return_quantity,integer,143833.000000,0.9643266844187356,0.0006952507421802,100,false,"1","100",25.8284018975934,"20.0","2024-05-27 15:12:45.639+02"
stg_tpcds_store_returns,return_amt,"decimal(7,2)",143833.000000,0.9647785974011527,0.5185527660550777,74585,false,"0.00","17202.21",,"398.43","2024-05-27 15:12:45.639+02"
stg_tpcds_store_returns,return_tax,"decimal(7,2)",143833.000000,0.9645769746859205,0.15356698393275534,22088,false,"0.00","1442.07",,"12.24","2024-05-27 15:12:45.639+02"
stg_tpcds_store_returns,return_amt_inc_tax,"decimal(7,2)",143833.000000,0.9645978322081858,0.6167916959251354,88715,false,"0.00","17565.05",,"416.54","2024-05-27 15:12:45.639+02"
stg_tpcds_store_returns,fee,"decimal(7,2)",143833.000000,0.9650775552202902,0.06918440135434845,9951,false,"0.50","100.00",,"50.27","2024-05-27 15:12:45.639+02"
stg_tpcds_store_returns,return_ship_cost,"decimal(7,2)",143833.000000,0.9646464997601385,0.3952569994368469,56851,false,"0.00","8710.98",,"197.80","2024-05-27 15:12:45.639+02"
stg_tpcds_store_returns,refunded_cash,"decimal(7,2)",143833.000000,0.9644726870745934,0.4630439467994132,66601,false,"0.00","15603.05",,"147.88","2024-05-27 15:12:45.639+02"
stg_tpcds_store_returns,reversed_charge,"decimal(7,2)",143833.000000,0.9650427926831812,0.340144473104225,48924,false,"0.00","10981.28",,"55.91","2024-05-27 15:12:45.639+02"
stg_tpcds_store_returns,store_credit,"decimal(7,2)",143833.000000,0.9651262227722428,0.33766242795464185,48567,false,"0.00","10438.67",,"53.72","2024-05-27 15:12:45.639+02"
stg_tpcds_store_returns,net_loss,"decimal(7,2)",143833.000000,0.9643892569855318,0.547885394867659,78804,false,"1.36","9095.72",,"278.49","2024-05-27 15:12:45.639+02"
stg_tpcds_store_sales,sold_date_sk,integer,1441375.000000,0.9551358945451391,0.0012647645477408724,1823,false,"2450816","2452642",2451777.401415259,"2451802.0","2024-05-27 15:12:45.639+02"
stg_tpcds_store_sales,sold_time_sk,integer,1441375.000000,0.9551844592836701,0.028574104587633337,41186,false,"28800","75599",51729.387242977995,"51019.0","2024-05-27 15:12:45.639+02"
stg_tpcds_store_sales,item_sk,integer,1441375.000000,1.0,0.006244037811117856,9000,false,"1","9000",4501.173258867401,"4501.0","2024-05-27 15:12:45.639+02"
stg_tpcds_store_sales,customer_sk,integer,1441375.000000,0.9551393634550343,0.03152614690833406,45441,false,"1","50000",24959.251162550827,"24976.0","2024-05-27 15:12:45.639+02"
stg_tpcds_store_sales,cdemo_sk,integer,1441375.000000,0.9552122105628307,0.07826623883444628,112811,false,"4","960395",480295.1257623551,"479839.0","2024-05-27 15:12:45.639+02"
stg_tpcds_store_sales,hdemo_sk,integer,1441375.000000,0.9550838608967132,0.004995230248894285,7200,false,"1","7200",3590.2523270527968,"3587.0","2024-05-27 15:12:45.639+02"
stg_tpcds_store_sales,addr_sk,integer,1441375.000000,0.9550699852571329,0.01718567340213338,24771,false,"1","25000",12489.33276648356,"12497.0","2024-05-27 15:12:45.639+02"
stg_tpcds_store_sales,store_sk,integer,1441375.000000,0.9550963489723354,0.000002081345937,3,false,"1","4",2.3356222197040357,"2.0","2024-05-27 15:12:45.639+02"
stg_tpcds_store_sales,promo_sk,integer,1441375.000000,0.9552073540889775,0.000104067296852,150,false,"1","150",75.5058671772181,"75.0","2024-05-27 15:12:45.639+02"
stg_tpcds_store_sales,ticket_number,integer,1441375.000000,1.0,0.08325383748157142,120000,false,"1","120000",59984.19477929061,"59993.0","2024-05-27 15:12:45.639+02"
stg_tpcds_store_sales,quantity,integer,1441375.000000,0.9550068510970428,0.0000693781979013,100,false,"1","100",50.538892557552614,"51.0","2024-05-27 15:12:45.639+02"
stg_tpcds_store_sales,wholesale_cost_cents,"decimal(7,2)",1441375.000000,0.9551192437776429,0.006869135374208655,9901,false,"1.00","100.00",,"50.54","2024-05-27 15:12:45.639+02"
stg_tpcds_store_sales,list_price_cents,"decimal(7,2)",1441375.000000,0.9550762292949441,0.013664036076662908,19695,false,"1.00","200.00",,"72.82","2024-05-27 15:12:45.639+02"
stg_tpcds_store_sales,sales_price_cents,"decimal(7,2)",1441375.000000,0.9549222096956032,0.01257063567773827,18119,false,"0.00","199.56",,"27.61","2024-05-27 15:12:45.639+02"
stg_tpcds_store_sales,ext_discount_amt_cents,"decimal(7,2)",1441375.000000,0.955124100251496,0.09667227473766368,139341,false,"0.00","16848.00",,"0.00","2024-05-27 15:12:45.639+02"
stg_tpcds_store_sales,ext_sales_price_cents,"decimal(7,2)",1441375.000000,0.9549360853351834,0.22606955164339607,325851,false,"0.00","19308.00",,"1042.20","2024-05-27 15:12:45.639+02"
stg_tpcds_store_sales,ext_wholesale_cost_cents,"decimal(7,2)",1441375.000000,0.9550283583383922,0.2350998178822305,338867,false,"1.01","10000.00",,"1923.72","2024-05-27 15:12:45.639+02"
stg_tpcds_store_sales,ext_list_price_cents,"decimal(7,2)",1441375.000000,0.9551310380712861,0.32041626918740784,461840,false,"1.10","19984.00",,"2809.22","2024-05-27 15:12:45.639+02"
stg_tpcds_store_sales,ext_tax_cents,"decimal(7,2)",1441375.000000,0.9551081432659787,0.04641540195993409,66902,false,"0.00","1749.87",,"26.66","2024-05-27 15:12:45.639+02"
stg_tpcds_store_sales,coupon_amt_cents,"decimal(7,2)",1441375.000000,0.9551025930101465,0.0966306478189229,139281,false,"0.00","16848.00",,"0.00","2024-05-27 15:12:45.639+02"
stg_tpcds_store_sales,net_paid_cents,"decimal(7,2)",1441375.000000,0.9551136935218107,0.2462239181337265,354901,false,"0.00","19443.00",,"865.74","2024-05-27 15:12:45.639+02"
stg_tpcds_store_sales,net_paid_inc_tax_cents,"decimal(7,2)",1441375.000000,0.954861850663429,0.3188288960194259,459552,false,"0.00","20669.67",,"904.00","2024-05-27 15:12:45.639+02"
stg_tpcds_store_sales,net_profit_cents,"decimal(7,2)",1441375.000000,0.9550949614083775,0.291708264677825,420461,false,-9853.02,"9407.00",,-374.72,"2024-05-27 15:12:45.639+02"
stg_tpcds_web_sales,sold_date_sk,integer,359584.000000,0.9997497107768978,0.005069747263504494,1823,false,"2450816","2452642",2451780.1082883165,"2451805.0","2024-05-27 15:12:45.639+02"
stg_tpcds_web_sales,sold_time_sk,integer,359584.000000,0.9997524917682655,0.06804807777876658,24469,false,"31","86367",49208.89246025675,"50045.0","2024-05-27 15:12:45.639+02"
stg_tpcds_web_sales,ship_date_sk,integer,359584.000000,0.9997775206905758,0.005409028210376435,1945,false,"2450818","2452762",2451840.694387267,"2451865.0","2024-05-27 15:12:45.639+02"
stg_tpcds_web_sales,item_sk,integer,359584.000000,1.0,0.02502892231022515,9000,false,"1","9000",4494.241292716028,"4500.0","2024-05-27 15:12:45.639+02"
stg_tpcds_web_sales,bill_customer_sk,integer,359584.000000,0.9997524917682655,0.06273082228352764,22557,false,"1","50000",24944.500301812266,"24941.0","2024-05-27 15:12:45.639+02"
stg_tpcds_web_sales,bill_cdemo_sk,integer,359584.000000,0.999788644656047,0.08213101806531993,29533,false,"18","960286",479367.4197375302,"477027.0","2024-05-27 15:12:45.639+02"
stg_tpcds_web_sales,bill_hdemo_sk,integer,359584.000000,0.9997663967251046,0.019692199875411587,7081,false,"1","7200",3616.1770848400556,"3631.0","2024-05-27 15:12:45.639+02"
stg_tpcds_web_sales,bill_addr_sk,integer,359584.000000,0.9997830826733114,0.048469898549434905,17429,false,"1","25000",12530.550405278354,"12530.0","2024-05-27 15:12:45.639+02"
stg_tpcds_web_sales,ship_customer_sk,integer,359584.000000,0.9997747396992079,0.06254171487051705,22489,false,"4","49997",25160.876026069323,"25247.0","2024-05-27 15:12:45.639+02"
stg_tpcds_web_sales,ship_cdemo_sk,integer,359584.000000,0.9997636157337367,0.082200542849515,29558,false,"12","960370",481413.38883001066,"484099.0","2024-05-27 15:12:45.639+02"
stg_tpcds_web_sales,ship_hdemo_sk,integer,359584.000000,0.9997803016819435,0.019697761858147193,7083,false,"1","7200",3627.6643551550046,"3647.0","2024-05-27 15:12:45.639+02"
stg_tpcds_web_sales,ship_addr_sk,integer,359584.000000,0.9997830826733114,0.048639539022870874,17490,false,"1","25000",12510.28321919523,"12510.0","2024-05-27 15:12:45.639+02"
stg_tpcds_web_sales,web_page_sk,integer,359584.000000,0.9997580537510011,0.0000834297410341,30,false,"1","30",14.75859882001797,"14.0","2024-05-27 15:12:45.639+02"
stg_tpcds_web_sales,web_site_sk,integer,359584.000000,0.9997691777164723,0.000041714870517,15,false,"1","15",7.7271523584079045,"8.0","2024-05-27 15:12:45.639+02"
stg_tpcds_web_sales,ship_mode_sk,integer,359584.000000,0.9997636157337367,0.0000556198273561,20,false,"1","20",10.500563283903432,"10.0","2024-05-27 15:12:45.639+02"
stg_tpcds_web_sales,warehouse_sk,integer,359584.000000,0.9997663967251046,0.0000055619827356,2,false,"1","2",1.49947983310153,"1.0","2024-05-27 15:12:45.639+02"
stg_tpcds_web_sales,promo_sk,integer,359584.000000,0.9997524917682655,0.0004171487051704,150,false,"1","150",75.54147067414011,"76.0","2024-05-27 15:12:45.639+02"
stg_tpcds_web_sales,order_number,integer,359584.000000,1.0,0.08342974103408383,30000,false,"1","30000",15001.297401997865,"14995.0","2024-05-27 15:12:45.639+02"
stg_tpcds_web_sales,quantity,integer,359584.000000,0.9997469297855299,0.0002780991367803,100,false,"1","100",50.48146417315497,"51.0","2024-05-27 15:12:45.639+02"
stg_tpcds_web_sales,wholesale_cost,"decimal(7,2)",359584.000000,0.999802549612886,0.027534595532615468,9901,false,"1.00","100.00",,"50.63","2024-05-27 15:12:45.639+02"
stg_tpcds_web_sales,list_price,"decimal(7,2)",359584.000000,0.9997497107768978,0.07854632019222213,28244,false,"1.04","300.00",,"92.08","2024-05-27 15:12:45.639+02"
stg_tpcds_web_sales,sales_price,"decimal(7,2)",359584.000000,0.9997636157337367,0.06315075198006585,22708,false,"0.00","299.16",,"35.62","2024-05-27 15:12:45.639+02"
stg_tpcds_web_sales,ext_discount_amt,"decimal(7,2)",359584.000000,0.9997497107768978,0.5263387692444602,189263,false,"0.00","28498.00",,"1341.36","2024-05-27 15:12:45.639+02"
stg_tpcds_web_sales,ext_sales_price,"decimal(7,2)",359584.000000,0.9997858636646791,0.526483380795586,189315,false,"0.00","28592.19",,"1349.04","2024-05-27 15:12:45.639+02"
stg_tpcds_web_sales,ext_wholesale_cost,"decimal(7,2)",359584.000000,0.999760834742369,0.5385222924268043,193644,false,"1.00","9999.00",,"1919.82","2024-05-27 15:12:45.639+02"
stg_tpcds_web_sales,ext_list_price,"decimal(7,2)",359584.000000,0.9997441487941622,0.6863987274183501,246818,false,"1.23","29471.31",,"3611.09","2024-05-27 15:12:45.639+02"
stg_tpcds_web_sales,ext_tax,"decimal(7,2)",359584.000000,0.9997719587078402,0.14852162498887603,53406,false,"0.00","2426.59",,"34.48","2024-05-27 15:12:45.639+02"
stg_tpcds_web_sales,coupon_amt,"decimal(7,2)",359584.000000,0.9997552727596334,0.15647247930942423,56265,false,"0.00","23330.80",,"0.00","2024-05-27 15:12:45.639+02"
stg_tpcds_web_sales,ext_ship_cost,"decimal(7,2)",359584.000000,0.9997580537510011,0.3939023983269556,141641,false,"0.00","14231.25",,"670.27","2024-05-27 15:12:45.639+02"
stg_tpcds_web_sales,net_paid,"decimal(7,2)",359584.000000,0.9997775206905758,0.5471322417015217,196740,false,"0.00","28223.91",,"1123.80","2024-05-27 15:12:45.639+02"
stg_tpcds_web_sales,net_paid_inc_tax,"decimal(7,2)",359584.000000,0.9997497107768978,0.6452845510367535,232034,false,"0.00","30199.58",,"1173.78","2024-05-27 15:12:45.639+02"
stg_tpcds_web_sales,net_paid_inc_ship,"decimal(7,2)",359584.000000,1.0,0.6578518510278544,236553,false,"0.00","38654.55",,"2118.88","2024-05-27 15:12:45.639+02"
stg_tpcds_web_sales,net_paid_inc_ship_tax,"decimal(7,2)",359584.000000,1.0,0.7745172198985494,278504,false,"0.00","39731.35",,"2175.74","2024-05-27 15:12:45.639+02"
stg_tpcds_web_sales,net_profit,"decimal(7,2)",359584.000000,1.0,0.6021652798789713,216529,false,-9877.96,"18559.53",,-149.64,"2024-05-27 15:12:45.639+02"
stg_tpcds_catalog_sales,sold_date_sk,integer,720352.000000,0.9950579716583003,0.0025640242548087603,1847,false,"2450815","2452665",2451785.091682106,"2451809.0","2024-05-27 15:12:45.639+02"
stg_tpcds_catalog_sales,sold_time_sk,integer,720352.000000,0.9950260428235085,0.06797648927191151,48967,false,"4","86382",49089.956588524336,"49803.0","2024-05-27 15:12:45.639+02"
stg_tpcds_catalog_sales,ship_date_sk,integer,720352.000000,0.9950801830216338,0.002691739593976278,1939,false,"2450817","2452755",2451831.1193485563,"2451855.0","2024-05-27 15:12:45.639+02"
stg_tpcds_catalog_sales,bill_customer_sk,integer,720352.000000,0.9950940651237173,0.055450668562036336,39944,false,"1","50000",24965.01656905937,"24961.0","2024-05-27 15:12:45.639+02"
stg_tpcds_catalog_sales,bill_cdemo_sk,integer,720352.000000,0.9950066078805917,0.10639520678779263,76642,false,"5","960400",480832.4046152451,"482726.0","2024-05-27 15:12:45.639+02"
stg_tpcds_catalog_sales,bill_hdemo_sk,integer,720352.000000,0.9951023943849674,0.009995113500066634,7200,false,"1","7200",3597.939198464337,"3599.0","2024-05-27 15:12:45.639+02"
stg_tpcds_catalog_sales,bill_addr_sk,integer,720352.000000,0.9950760183910088,0.03334758562480565,24022,false,"1","25000",12507.690406735444,"12493.0","2024-05-27 15:12:45.639+02"
stg_tpcds_catalog_sales,ship_customer_sk,integer,720352.000000,0.9949968904091333,0.05540902225578606,39914,false,"1","50000",24934.616644901696,"24914.0","2024-05-27 15:12:45.639+02"
stg_tpcds_catalog_sales,ship_cdemo_sk,integer,720352.000000,0.9950066078805917,0.10641325352050109,76655,false,"4","960400",479893.76378957945,"481305.0","2024-05-27 15:12:45.639+02"
stg_tpcds_catalog_sales,ship_hdemo_sk,integer,720352.000000,0.9950413131358002,0.009995113500066634,7200,false,"1","7200",3601.647259968191,"3603.0","2024-05-27 15:12:45.639+02"
stg_tpcds_catalog_sales,ship_addr_sk,integer,720352.000000,0.9950496423970503,0.033342032783972284,24018,false,"1","25000",12479.831835443214,"12452.0","2024-05-27 15:12:45.639+02"
stg_tpcds_catalog_sales,call_center_sk,integer,720352.000000,0.9951135000666341,0.000004164630625,3,false,"1","3",1.7072103365921165,"2.0","2024-05-27 15:12:45.639+02"
stg_tpcds_catalog_sales,catalog_page_sk,integer,720352.000000,0.9950760183910088,0.00914552885256097,6588,false,"1","9828",4268.341720551614,"4084.0","2024-05-27 15:12:45.639+02"
stg_tpcds_catalog_sales,ship_mode_sk,integer,720352.000000,0.9949732908355915,0.0000277642041669,20,false,"1","20",10.496067562307198,"10.0","2024-05-27 15:12:45.639+02"
stg_tpcds_catalog_sales,warehouse_sk,integer,720352.000000,0.995052418817467,0.0000027764204167,2,false,"1","2",1.5000823116458424,"2.0","2024-05-27 15:12:45.639+02"
stg_tpcds_catalog_sales,item_sk,integer,720352.000000,1.0,0.012493891875083292,9000,false,"1","9000",4495.503927246679,"4492.0","2024-05-27 15:12:45.639+02"
stg_tpcds_catalog_sales,promo_sk,integer,720352.000000,0.9951357114299676,0.0002082315312514,150,false,"1","150",75.54129885275539,"76.0","2024-05-27 15:12:45.639+02"
stg_tpcds_catalog_sales,order_number,integer,720352.000000,1.0,0.11105681666740705,80000,false,"1","80000",40012.30103199547,"40008.0","2024-05-27 15:12:45.639+02"
stg_tpcds_catalog_sales,quantity,integer,720352.000000,0.9951204411176758,0.0001388210208343,100,false,"1","100",50.47510521917814,"50.0","2024-05-27 15:12:45.639+02"
stg_tpcds_catalog_sales,wholesale_cost,"decimal(7,2)",720352.000000,0.9950413131358002,0.013744669272799964,9901,false,"1.00","100.00",,"50.43","2024-05-27 15:12:45.639+02"
stg_tpcds_catalog_sales,list_price,"decimal(7,2)",720352.000000,0.9950899004930923,0.04034416507485229,29062,false,"1.01","299.76",,"91.76","2024-05-27 15:12:45.639+02"
stg_tpcds_catalog_sales,sales_price,"decimal(7,2)",720352.000000,0.99499966682955,0.03414580649460264,24597,false,"0.00","297.83",,"35.50","2024-05-27 15:12:45.639+02"
stg_tpcds_catalog_sales,ext_discount_amt,"decimal(7,2)",720352.000000,0.9949802318866332,0.39064790546843764,281404,false,"0.00","28300.44",,"1336.86","2024-05-27 15:12:45.639+02"
stg_tpcds_catalog_sales,ext_sales_price,"decimal(7,2)",720352.000000,0.994938585580383,0.3912295655457332,281823,false,"0.00","28067.92",,"1345.26","2024-05-27 15:12:45.639+02"
stg_tpcds_catalog_sales,ext_wholesale_cost,"decimal(7,2)",720352.000000,0.9949621851539248,0.3780096397316867,272300,false,"1.02","9999.00",,"1916.20","2024-05-27 15:12:45.639+02"
stg_tpcds_catalog_sales,ext_list_price,"decimal(7,2)",720352.000000,0.9951107236462174,0.5380439007596286,387581,false,"1.27","29976.00",,"3597.34","2024-05-27 15:12:45.639+02"
stg_tpcds_catalog_sales,ext_tax,"decimal(7,2)",720352.000000,0.9951343232197593,0.0953964173070943,68719,false,"0.00","2407.23",,"34.38","2024-05-27 15:12:45.639+02"
stg_tpcds_catalog_sales,coupon_amt,"decimal(7,2)",720352.000000,0.995194016258718,0.13372490115943317,96329,false,"0.00","24188.55",,"0.00","2024-05-27 15:12:45.639+02"
stg_tpcds_catalog_sales,ext_ship_cost,"decimal(7,2)",720352.000000,0.9949705144151748,0.2736217849051575,197104,false,"0.00","13779.78",,"666.50","2024-05-27 15:12:45.639+02"
stg_tpcds_catalog_sales,net_paid,"decimal(7,2)",720352.000000,0.9950440895562169,0.412502498778375,297147,false,"0.00","28067.92",,"1120.62","2024-05-27 15:12:45.639+02"
stg_tpcds_catalog_sales,net_paid_inc_tax,"decimal(7,2)",720352.000000,0.9950690773399671,0.5078655990404691,365842,false,"0.00","29154.23",,"1170.27","2024-05-27 15:12:45.639+02"
stg_tpcds_catalog_sales,net_paid_inc_ship,"decimal(7,2)",720352.000000,1.0,0.5165599595753188,372105,false,"0.00","39650.49",,"2112.80","2024-05-27 15:12:45.639+02"
stg_tpcds_catalog_sales,net_paid_inc_ship_tax,"decimal(7,2)",720352.000000,1.0,0.640953311714273,461712,false,"0.00","41670.68",,"2167.78","2024-05-27 15:12:45.639+02"
stg_tpcds_catalog_sales,net_profit,"decimal(7,2)",720352.000000,1.0,0.4674659055572831,336740,false,-9897.03,"18389.26",,-150.36,"2024-05-27 15:12:45.639+02"
stg_tpcds_customer,customer_sk,integer,50000.000000,1.0,1.0,50000,true,"1","50000",25000.5,"25000.5","2024-05-27 15:12:45.639+02"
stg_tpcds_customer,customer_id,varchar,50000.000000,1.0,1.0,50000,true,AAAAAAAAAAABAAAA,AAAAAAAAPPPLAAAA,,AAAAAAAAHPPLAAAA,"2024-05-27 15:12:45.639+02"
stg_tpcds_customer,first_name,varchar,50000.000000,0.96578,0.06822,3411,false,Aaron,Zulema,,Joseph,"2024-05-27 15:12:45.639+02"
stg_tpcds_customer,last_name,varchar,50000.000000,0.96562,0.09544,4772,false,Aaron,Zuniga,,Lamb,"2024-05-27 15:12:45.639+02"
stg_tpcds_customer,email_address,varchar,50000.000000,0.96572,0.96572,48286,false,Aaron.Anderson@0CQ4QUkBY2Q.edu,Zulema.Kearns@2CKD6zONKDq.org,,Joseph.Abel@xPGz.org,"2024-05-27 15:12:45.639+02"
stg_tpcds_customer,preferred_customer_flag,varchar,50000.000000,0.96574,0.00004,2,false,N,Y,,N,"2024-05-27 15:12:45.639+02"
stg_tpcds_customer,birth_country,varchar,50000.000000,0.9663,0.00422,211,false,AFGHANISTAN,ZIMBABWE,,LESOTHO,"2024-05-27 15:12:45.639+02"
stg_tpcds_customer,login,varchar,50000.000000,0.96588,0.00002,1,false,"","",,"","2024-05-27 15:12:45.639+02"
stg_tpcds_customer,last_review_date_sk,integer,50000.000000,0.96612,0.00732,366,false,"2452283","2452648",2452464.787521219,"2452465.0","2024-05-27 15:12:45.639+02"
stg_tpcds_customer,current_cdemo_sk,integer,50000.000000,0.96656,0.94208,47104,false,"4","960392",479838.9120592617,"478766.0","2024-05-27 15:12:45.639+02"
stg_tpcds_customer,current_hdemo_sk,integer,50000.000000,0.96648,0.14386,7193,false,"1","7200",3601.4967097094614,"3605.0","2024-05-27 15:12:45.639+02"
stg_tpcds_customer,current_addr_sk,integer,50000.000000,1.0,0.43192,21596,false,"1","25000",12513.6376,"12539.0","2024-05-27 15:12:45.639+02"
stg_tpcds_customer,first_shipto_date_sk,integer,50000.000000,0.96652,0.07302,3651,false,"2449028","2452678",2450858.6720812814,"2450873.0","2024-05-27 15:12:45.639+02"
stg_tpcds_customer,first_sales_date_sk,integer,50000.000000,0.9643,0.07302,3651,false,"2448998","2452648",2450829.3434200976,"2450844.0","2024-05-27 15:12:45.639+02"
stg_tpcds_customer,birth_day,integer,50000.000000,0.96542,0.00062,31,false,"1","31",15.603157175115493,"16.0","2024-05-27 15:12:45.639+02"
stg_tpcds_customer,birth_month,integer,50000.000000,0.96606,0.00024,12,false,"1","12",6.50301223526489,"7.0","2024-05-27 15:12:45.639+02"
stg_tpcds_customer,birth_year,integer,50000.000000,0.96624,0.00138,69,false,"1924","1992",1958.0085899983442,"1958.0","2024-05-27 15:12:45.639+02"
stg_tpcds_customer,salutation,varchar,50000.000000,0.96582,0.00012,6,false,Dr.,Sir,,Mr.,"2024-05-27 15:12:45.639+02"
stg_tpcds_customer_demographics,demo_sk,integer,960400.000000,1.0,1.0,960400,true,"1","960400",480200.5,"480200.5","2024-05-27 15:12:45.639+02"
stg_tpcds_customer_demographics,gender,varchar,960400.000000,1.0,0.0000020824656393,2,false,F,M,,F,"2024-05-27 15:12:45.639+02"
stg_tpcds_customer_demographics,marital_status,varchar,960400.000000,1.0,0.0000052061640983,5,false,D,W,,S,"2024-05-27 15:12:45.639+02"
stg_tpcds_customer_demographics,education_status,varchar,960400.000000,1.0,0.0000072886297376,7,false,"2 yr Degree",Unknown,,College,"2024-05-27 15:12:45.639+02"
stg_tpcds_customer_demographics,purchase_estimate,integer,960400.000000,1.0,0.0000208246563932,20,false,"500","10000",5250.0,"5250.0","2024-05-27 15:12:45.639+02"
stg_tpcds_customer_demographics,credit_rating,varchar,960400.000000,1.0,0.0000041649312786,4,false,Good,Unknown,,High Risk,"2024-05-27 15:12:45.639+02"
stg_tpcds_customer_demographics,dep_count,integer,960400.000000,1.0,0.0000072886297376,7,false,"0","6",2.9650145772594754,"3.0","2024-05-27 15:12:45.639+02"
stg_tpcds_customer_demographics,dep_employed_count,integer,960400.000000,1.0,0.0000072886297376,7,false,"0","6",2.7551020408163267,"3.0","2024-05-27 15:12:45.639+02"
stg_tpcds_customer_demographics,dep_college_count,integer,960400.000000,1.0,0.0000041649312786,4,false,"0","3",1.2857142857142858,"1.0","2024-05-27 15:12:45.639+02"
stg_tpcds_item,item_sk,integer,9000.000000,1.0,1.0,9000,true,"1","9000",4500.5,"4500.5","2024-05-27 15:12:45.639+02"
stg_tpcds_item,item_id,varchar,9000.000000,1.0,0.5,4500,false,AAAAAAAAAAABAAAA,AAAAAAAAPPPBAAAA,,AAAAAAAAHPJAAAAA,"2024-05-27 15:12:45.639+02"
stg_tpcds_item,rec_start_date,date,9000.000000,0.9971111111111111,0.0004444444444444,4,false,"1997-10-27","2001-10-27",,"1999-10-28 00:00:00","2024-05-27 15:12:45.639+02"
stg_tpcds_item,rec_end_date,date,9000.000000,0.5,0.0003333333333333,3,false,"1999-10-27","2001-10-26",,"2000-10-26 00:00:00","2024-05-27 15:12:45.639+02"
stg_tpcds_item,item_desc,varchar,9000.000000,0.9967777777777778,0.7502222222222222,6752,false,A,"Youngsters decide well numbers. Just cold countries eat other, young eyes. Special ",,"Major, new difficulties make over blue months. Extreme areas give for the minutes. High, mechanical studies like currently objections. Generations must not enable into the ","2024-05-27 15:12:45.639+02"
stg_tpcds_item,brand,varchar,9000.000000,0.9976666666666667,0.07811111111111112,703,false,amalgamalg #1,univunivamalg #9,,exportibrand #6,"2024-05-27 15:12:45.639+02"
stg_tpcds_item,class,varchar,9000.000000,0.9973333333333333,0.011,99,false,accent,womens watch,,maternity,"2024-05-27 15:12:45.639+02"
stg_tpcds_item,category,varchar,9000.000000,0.9972222222222222,0.0011111111111111111,10,false,Books,Women,,Men,"2024-05-27 15:12:45.639+02"
stg_tpcds_item,manufact,varchar,9000.000000,0.9974444444444445,0.10488888888888889,944,false,able,pripripri,,callypriese,"2024-05-27 15:12:45.639+02"
stg_tpcds_item,size,varchar,9000.000000,0.9976666666666667,0.0007777777777778,7,false,N/A,small,,N/A,"2024-05-27 15:12:45.639+02"
stg_tpcds_item,formulation,varchar,9000.000000,0.9981111111111111,0.7498888888888889,6749,false,"00008255peru72877494",yellow98525476168526,,"5283violet8026030578","2024-05-27 15:12:45.639+02"
stg_tpcds_item,color,varchar,9000.000000,0.9974444444444445,0.010222222222222223,92,false,almond,yellow,,red,"2024-05-27 15:12:45.639+02"
stg_tpcds_item,units,varchar,9000.000000,0.9973333333333333,0.0023333333333333335,21,false,Box,Unknown,,Gross,"2024-05-27 15:12:45.639+02"
stg_tpcds_item,container,varchar,9000.000000,0.9975555555555555,0.0001111111111111,1,false,Unknown,Unknown,,Unknown,"2024-05-27 15:12:45.639+02"
stg_tpcds_item,product_name,varchar,9000.000000,0.9975555555555555,0.9975555555555555,8978,false,able,pripripripri,,callypripriought,"2024-05-27 15:12:45.639+02"
stg_tpcds_item,current_price,"decimal(7,2)",9000.000000,0.9973333333333333,0.208,1872,false,"0.09","99.99",,"4.19","2024-05-27 15:12:45.639+02"
stg_tpcds_item,wholesale_cost,"decimal(7,2)",9000.000000,0.9972222222222222,0.15911111111111112,1432,false,"0.03","85.83",,"2.36","2024-05-27 15:12:45.639+02"
stg_tpcds_item,brand_id,integer,9000.000000,0.9968888888888889,0.10233333333333333,921,false,"1001001","10016017",5537521.514823897,"6002001.0","2024-05-27 15:12:45.639+02"
stg_tpcds_item,class_id,integer,9000.000000,0.9982222222222222,0.0017777777777777779,16,false,"1","16",5.517698130008904,"4.0","2024-05-27 15:12:45.639+02"
stg_tpcds_item,category_id,integer,9000.000000,0.9976666666666667,0.0011111111111111111,10,false,"1","10",5.507740282882281,"6.0","2024-05-27 15:12:45.639+02"
stg_tpcds_item,manufact_id,integer,9000.000000,0.9978888888888889,0.10644444444444444,958,false,"1","1000",334.48279701592253,"278.0","2024-05-27 15:12:45.639+02"
stg_tpcds_item,manager_id,integer,9000.000000,0.9974444444444445,0.011111111111111112,100,false,"1","100",33.55931825776985,"28.0","2024-05-27 15:12:45.639+02"
stg_tpcds_time_dim,time_sk,integer,86400.000000,1.0,1.0,86400,true,"0","86399",43199.5,"43199.5","2024-05-27 15:12:45.639+02"
stg_tpcds_time_dim,time_id,varchar,86400.000000,1.0,1.0,86400,true,AAAAAAAAAAAABAAA,AAAAAAAAPPPPAAAA,,AAAAAAAAHPPPAAAA,"2024-05-27 15:12:45.639+02"
stg_tpcds_time_dim,time,integer,86400.000000,1.0,1.0,86400,true,"0","86399",43199.5,"43199.5","2024-05-27 15:12:45.639+02"
stg_tpcds_time_dim,hour,integer,86400.000000,1.0,0.0002777777777778,24,false,"0","23",11.5,"11.5","2024-05-27 15:12:45.639+02"
stg_tpcds_time_dim,minute,integer,86400.000000,1.0,0.0006944444444444,60,false,"0","59",29.5,"29.5","2024-05-27 15:12:45.639+02"
stg_tpcds_time_dim,second,integer,86400.000000,1.0,0.0006944444444444,60,false,"0","59",29.5,"29.5","2024-05-27 15:12:45.639+02"
stg_tpcds_time_dim,am_pm,varchar,86400.000000,1.0,0.0000231481481481,2,false,AM,PM,,AM,"2024-05-27 15:12:45.639+02"
stg_tpcds_time_dim,shift,varchar,86400.000000,1.0,0.0000347222222222,3,false,first,third,,second,"2024-05-27 15:12:45.639+02"
stg_tpcds_time_dim,sub_shift,varchar,86400.000000,1.0,0.0000462962962963,4,false,afternoon,night,,evening,"2024-05-27 15:12:45.639+02"
stg_tpcds_time_dim,meal_time,varchar,86400.000000,1.0,0.0000462962962963,4,false,"",lunch,,"","2024-05-27 15:12:45.639+02"
stg_tpcds_call_center,call_center_sk,integer,3.000000,1.0,1.0,3,true,"1","3",2.0,"2.0","2024-05-27 15:12:45.639+02"
stg_tpcds_call_center,call_center_id,varchar,3.000000,1.0,0.6666666666666666,2,false,AAAAAAAABAAAAAAA,AAAAAAAACAAAAAAA,,AAAAAAAACAAAAAAA,"2024-05-27 15:12:45.639+02"
stg_tpcds_call_center,rec_start_date,date,3.000000,1.0,0.6666666666666666,2,false,"1998-01-01","2001-01-01",,"1998-01-01 00:00:00","2024-05-27 15:12:45.639+02"
stg_tpcds_call_center,rec_end_date,date,3.000000,0.3333333333333333,0.3333333333333333,1,false,"2000-12-31","2000-12-31",,"2000-12-31 00:00:00","2024-05-27 15:12:45.639+02"
stg_tpcds_call_center,closed_date_sk,integer,3.000000,0.0,0.0,0,false,,,,,"2024-05-27 15:12:45.639+02"
stg_tpcds_call_center,open_date_sk,integer,3.000000,1.0,0.6666666666666666,2,false,"2450952","2451136",2451074.6666666665,"2451136.0","2024-05-27 15:12:45.639+02"
stg_tpcds_call_center,cc_name,varchar,3.000000,1.0,0.6666666666666666,2,false,Mid Atlantic,NY Metro,,Mid Atlantic,"2024-05-27 15:12:45.639+02"
stg_tpcds_call_center,cc_class,varchar,3.000000,1.0,0.6666666666666666,2,false,large,medium,,large,"2024-05-27 15:12:45.639+02"
stg_tpcds_call_center,cc_employees,integer,3.000000,1.0,0.6666666666666666,2,false,"2","6",4.666666666666667,"6.0","2024-05-27 15:12:45.639+02"
stg_tpcds_call_center,cc_sq_ft,integer,3.000000,1.0,1.0,3,true,"1138","4134",2513.3333333333335,"2268.0","2024-05-27 15:12:45.639+02"
stg_tpcds_call_center,cc_hours,varchar,3.000000,1.0,0.6666666666666666,2,false,"8AM-4PM","8AM-8AM",,"8AM-4PM","2024-05-27 15:12:45.639+02"
stg_tpcds_call_center,cc_manager,varchar,3.000000,1.0,1.0,3,true,Bob Belcher,Mark Hightower,,Felipe Perkins,"2024-05-27 15:12:45.639+02"
stg_tpcds_call_center,market_id,integer,3.000000,1.0,0.6666666666666666,2,false,"2","6",3.3333333333333335,"2.0","2024-05-27 15:12:45.639+02"
stg_tpcds_call_center,market_class,varchar,3.000000,1.0,1.0,3,true,Lips know to a units. Open members ought to beat ,Nights may arrange below somewhat interest,,More than other authori,"2024-05-27 15:12:45.639+02"
stg_tpcds_call_center,market_desc,varchar,3.000000,1.0,0.6666666666666666,2,false,Shared others could not count fully dollars. New members ca,Wrong members must get compatibl,,Wrong members must get compatibl,"2024-05-27 15:12:45.639+02"
stg_tpcds_call_center,cc_market_manager,varchar,3.000000,1.0,0.6666666666666666,2,false,Julius Durham,Julius Tran,,Julius Durham,"2024-05-27 15:12:45.639+02"
stg_tpcds_call_center,cc_division,integer,3.000000,1.0,1.0,3,true,"1","5",3.0,"3.0","2024-05-27 15:12:45.639+02"
stg_tpcds_call_center,cc_division_name,varchar,3.000000,1.0,1.0,3,true,anti,pri,,ought,"2024-05-27 15:12:45.639+02"
stg_tpcds_call_center,cc_company,integer,3.000000,1.0,1.0,3,true,"1","6",3.0,"2.0","2024-05-27 15:12:45.639+02"
stg_tpcds_call_center,cc_company_name,varchar,3.000000,1.0,1.0,3,true,able,ought,,cally,"2024-05-27 15:12:45.639+02"
stg_tpcds_call_center,cc_street_number,varchar,3.000000,1.0,0.6666666666666666,2,false,"306","730",,"306","2024-05-27 15:12:45.639+02"
stg_tpcds_call_center,cc_street_name,varchar,3.000000,1.0,0.6666666666666666,2,false,"14th ",Ash Hill,,"14th ","2024-05-27 15:12:45.639+02"
stg_tpcds_call_center,cc_street_type,varchar,3.000000,1.0,0.6666666666666666,2,false,Boulevard,Wy,,Wy,"2024-05-27 15:12:45.639+02"
stg_tpcds_call_center,cc_suite_number,varchar,3.000000,1.0,0.6666666666666666,2,false,Suite 0,Suite 60,,Suite 60,"2024-05-27 15:12:45.639+02"
stg_tpcds_call_center,cc_city,varchar,3.000000,1.0,0.3333333333333333,1,false,Midway,Midway,,Midway,"2024-05-27 15:12:45.639+02"
stg_tpcds_call_center,cc_county,varchar,3.000000,1.0,0.3333333333333333,1,false,Williamson County,Williamson County,,Williamson County,"2024-05-27 15:12:45.639+02"
stg_tpcds_call_center,cc_state,varchar,3.000000,1.0,0.3333333333333333,1,false,TN,TN,,TN,"2024-05-27 15:12:45.639+02"
stg_tpcds_call_center,cc_zip,varchar,3.000000,1.0,0.3333333333333333,1,false,"31904","31904",,"31904","2024-05-27 15:12:45.639+02"
stg_tpcds_call_center,cc_country,varchar,3.000000,1.0,0.3333333333333333,1,false,United States,United States,,United States,"2024-05-27 15:12:45.639+02"
stg_tpcds_call_center,cc_gmt_offset,"decimal(5,2)",3.000000,1.0,0.3333333333333333,1,false,-5.00,-5.00,,-5.00,"2024-05-27 15:12:45.639+02"
stg_tpcds_call_center,cc_tax_percentage,"decimal(5,2)",3.000000,1.0,1.0,3,true,"0.01","0.12",,"0.11","2024-05-27 15:12:45.639+02"
stg_tpcds__household_demographics,household_demo_sk,integer,7200.000000,1.0,1.0,7200,true,"1","7200",3600.5,"3600.5","2024-05-27 15:12:45.639+02"
stg_tpcds__household_demographics,income_band_sk,integer,7200.000000,1.0,0.002777777777777778,20,false,"1","20",10.5,"10.5","2024-05-27 15:12:45.639+02"
stg_tpcds__household_demographics,buy_potential,varchar,7200.000000,1.0,0.0008333333333333,6,false,"0-500",Unknown,,"5001-10000","2024-05-27 15:12:45.639+02"
stg_tpcds__household_demographics,dependent_count,integer,7200.000000,1.0,0.001388888888888889,10,false,"0","9",4.5,"4.5","2024-05-27 15:12:45.639+02"
stg_tpcds__household_demographics,vehicle_count,integer,7200.000000,1.0,0.0008333333333333,6,false,-1,"4",1.5,"1.5","2024-05-27 15:12:45.639+02"
stg_tpcds_inventory,date_sk,integer,2349000.000000,1.0,0.0001111111111111,261,false,"2450815","2452635",2451725.0,"2451725.0","2024-05-27 15:12:45.639+02"
stg_tpcds_inventory,item_sk,integer,2349000.000000,1.0,0.0038314176245210726,9000,false,"1","9000",4499.731800766283,"4500.5","2024-05-27 15:12:45.639+02"
stg_tpcds_inventory,warehouse_sk,integer,2349000.000000,1.0,0.0000008514261388,2,false,"1","2",1.5,"1.5","2024-05-27 15:12:45.639+02"
stg_tpcds_inventory,quantity_on_hand,integer,2349000.000000,0.950058748403576,0.0004261387824606,1001,false,"0","1000",500.0719576392399,"500.0","2024-05-27 15:12:45.639+02"
stg_tpcds_web_returns,returned_date_sk,integer,35432.000000,0.9556051027319937,0.059042673289681644,2092,false,"2450849","2452994",2451967.2821997106,"2451980.0","2024-05-27 15:12:45.639+02"
stg_tpcds_web_returns,returned_time_sk,integer,35432.000000,0.9546455181756605,0.7640833145179499,27073,false,"20","86381",49075.31586104952,"49731.0","2024-05-27 15:12:45.639+02"
stg_tpcds_web_returns,item_sk,integer,35432.000000,1.0,0.24130729284262814,8550,false,"1","9000",4508.191973357417,"4514.0","2024-05-27 15:12:45.639+02"
stg_tpcds_web_returns,refunded_customer_sk,integer,35432.000000,0.9569598103409348,0.6939489726800632,24588,false,"2","49992",24957.976936915682,"24965.0","2024-05-27 15:12:45.639+02"
stg_tpcds_web_returns,refunded_cdemo_sk,integer,35432.000000,0.9569598103409348,0.9380503499661323,33237,false,"33","960374",479461.9416344708,"479373.0","2024-05-27 15:12:45.639+02"
stg_tpcds_web_returns,refunded_hdemo_sk,integer,35432.000000,0.9573267103183563,0.2013998645292391,7136,false,"1","7200",3610.336586084906,"3629.0","2024-05-27 15:12:45.639+02"
stg_tpcds_web_returns,refunded_addr_sk,integer,35432.000000,0.9572138180176112,0.5235380447053511,18550,false,"1","25000",12431.904204505248,"12417.5","2024-05-27 15:12:45.639+02"
stg_tpcds_web_returns,returning_customer_sk,integer,35432.000000,0.9550970873786407,0.6929611650485437,24553,false,"2","49992",24986.253745456695,"25027.0","2024-05-27 15:12:45.639+02"
stg_tpcds_web_returns,returning_cdemo_sk,integer,35432.000000,0.9563106796116505,0.9372036577105441,33207,false,"33","960374",479454.92672057607,"479432.5","2024-05-27 15:12:45.639+02"
stg_tpcds_web_returns,returning_hdemo_sk,integer,35432.000000,0.9550970873786407,0.2013998645292391,7136,false,"1","7200",3608.4687804733903,"3624.0","2024-05-27 15:12:45.639+02"
stg_tpcds_web_returns,returning_addr_sk,integer,35432.000000,0.9555768796568074,0.5235098216301648,18549,false,"1","25000",12438.991257605292,"12431.0","2024-05-27 15:12:45.639+02"
stg_tpcds_web_returns,web_page_sk,integer,35432.000000,0.9560848950101603,0.0008466922555882,30,false,"1","30",14.734974613295549,"14.0","2024-05-27 15:12:45.639+02"
stg_tpcds_web_returns,reason_sk,integer,35432.000000,0.956875141115376,0.0004797922781666,17,false,"1","17",8.994543416705993,"9.0","2024-05-27 15:12:45.639+02"
stg_tpcds_web_returns,order_number,integer,35432.000000,1.0,0.5922612327839242,20985,false,"1","30000",14974.860944908558,"14947.5","2024-05-27 15:12:45.639+02"
stg_tpcds_web_returns,return_quantity,integer,35432.000000,0.955746218107925,0.0028223075186272297,100,false,"1","100",25.727055279943304,"19.0","2024-05-27 15:12:45.639+02"
stg_tpcds_web_returns,return_amt,"decimal(7,2)",35432.000000,0.9565929103635132,0.7873673515466245,27898,false,"0.00","21497.88",,"525.14","2024-05-27 15:12:45.639+02"
stg_tpcds_web_returns,return_tax,"decimal(7,2)",35432.000000,0.9567622488146308,0.3489218785278844,12363,false,"0.00","1833.66",,"16.01","2024-05-27 15:12:45.639+02"
stg_tpcds_web_returns,return_amt_inc_tax,"decimal(7,2)",35432.000000,0.9561977873109054,0.8424870173854143,29851,false,"0.00","23002.73",,"550.63","2024-05-27 15:12:45.639+02"
stg_tpcds_web_returns,fee,"decimal(7,2)",35432.000000,0.9562260103860917,0.27187288326936104,9633,false,"0.50","100.00",,"50.46","2024-05-27 15:12:45.639+02"
stg_tpcds_web_returns,return_ship_cost,"decimal(7,2)",35432.000000,0.9558026642582976,0.6834217656355837,24215,false,"0.00","11690.44",,"259.35","2024-05-27 15:12:45.639+02"
stg_tpcds_web_returns,refunded_cash,"decimal(7,2)",35432.000000,0.9551817566041996,0.723978324678257,25652,false,"0.00","17806.09",,"195.84","2024-05-27 15:12:45.639+02"
stg_tpcds_web_returns,reversed_charge,"decimal(7,2)",35432.000000,0.9554639873560623,0.5815646872883269,20606,false,"0.00","13737.29",,"71.39","2024-05-27 15:12:45.639+02"
stg_tpcds_web_returns,account_credit,"decimal(7,2)",35432.000000,0.9559437796342289,0.5787988259200723,20508,false,"0.00","12543.96",,"69.94","2024-05-27 15:12:45.639+02"
stg_tpcds_web_returns,net_loss,"decimal(7,2)",35432.000000,0.9559155565590427,0.8216583878979453,29113,false,"0.52","11910.44",,"349.61","2024-05-27 15:12:45.639+02"
stg_tpcds_customer_address,address_sk,integer,25000.000000,1.0,1.0,25000,true,"1","25000",12500.5,"12500.5","2024-05-27 15:12:45.639+02"
stg_tpcds_customer_address,address_id,varchar,25000.000000,1.0,1.0,25000,true,AAAAAAAAAAABAAAA,AAAAAAAAPPPFAAAA,,AAAAAAAAHPPCAAAA,"2024-05-27 15:12:45.639+02"
stg_tpcds_customer_address,street_number,varchar,25000.000000,0.96888,0.04,1000,false,"1","999",,"545","2024-05-27 15:12:45.639+02"
stg_tpcds_customer_address,street_name,varchar,25000.000000,0.97016,0.22124,5531,false,"10th ",Woodland Williams,,Jefferson 9th,"2024-05-27 15:12:45.639+02"
stg_tpcds_customer_address,street_type,varchar,25000.000000,0.96912,0.0008,20,false,Ave,Wy,,Drive,"2024-05-27 15:12:45.639+02"
stg_tpcds_customer_address,suite_number,varchar,25000.000000,0.9706,0.003,75,false,Suite 0,Suite Y,,Suite A,"2024-05-27 15:12:45.639+02"
stg_tpcds_customer_address,city,varchar,25000.000000,0.96896,0.02232,558,false,Aberdeen,Youngstown,,Macedonia,"2024-05-27 15:12:45.639+02"
stg_tpcds_customer_address,county,varchar,25000.000000,0.96976,0.07368,1842,false,Abbeville County,Ziebach County,,Lake County,"2024-05-27 15:12:45.639+02"
stg_tpcds_customer_address,state,varchar,25000.000000,0.96784,0.00204,51,false,AK,WY,,MS,"2024-05-27 15:12:45.639+02"
stg_tpcds_customer_address,zip,varchar,25000.000000,0.96968,0.11736,2934,false,"00608","99981",,"55038","2024-05-27 15:12:45.639+02"
stg_tpcds_customer_address,country,varchar,25000.000000,0.96868,0.00004,1,false,United States,United States,,United States,"2024-05-27 15:12:45.639+02"
stg_tpcds_customer_address,location_type,varchar,25000.000000,0.96944,0.00012,3,false,apartment,single family,,condo,"2024-05-27 15:12:45.639+02"
stg_tpcds_customer_address,gmt_offset,"decimal(5,2)",25000.000000,0.96784,0.00024,6,false,-10.00,-5.00,,-6.00,"2024-05-27 15:12:45.639+02"
stg_tpcds_store,store_sk,integer,6.000000,1.0,1.0,6,true,"1","6",3.5,"3.5","2024-05-27 15:12:45.639+02"
stg_tpcds_store,store_id,varchar,6.000000,1.0,0.5,3,false,AAAAAAAABAAAAAAA,AAAAAAAAEAAAAAAA,,AAAAAAAACAAAAAAA,"2024-05-27 15:12:45.639+02"
stg_tpcds_store,rec_start_date,date,6.000000,1.0,0.6666666666666666,4,false,"1997-03-13","2001-03-13",,"1998-03-13 12:00:00","2024-05-27 15:12:45.639+02"
stg_tpcds_store,rec_end_date,date,6.000000,0.5,0.5,3,false,"1999-03-13","2001-03-12",,"2000-03-12 00:00:00","2024-05-27 15:12:45.639+02"
stg_tpcds_store,closed_date_sk,integer,6.000000,0.5,0.5,3,false,"2450910","2451189",2451047.6666666665,"2451044.0","2024-05-27 15:12:45.639+02"
stg_tpcds_store,store_name,varchar,6.000000,1.0,0.8333333333333334,5,false,able,ought,,anti,"2024-05-27 15:12:45.639+02"
stg_tpcds_store,number_employees,integer,6.000000,1.0,0.8333333333333334,5,false,"218","288",242.0,"236.0","2024-05-27 15:12:45.639+02"
stg_tpcds_store,floor_space,integer,6.000000,1.0,1.0,6,true,"5250760","9341467",7590193.833333333,"8292090.5","2024-05-27 15:12:45.639+02"
stg_tpcds_store,hours,varchar,6.000000,1.0,0.16666666666666666,1,false,"8AM-4PM","8AM-4PM",,"8AM-4PM","2024-05-27 15:12:45.639+02"
stg_tpcds_store,manager,varchar,6.000000,1.0,0.5,3,false,Edwin Adams,William Ward,,Edwin Adams,"2024-05-27 15:12:45.639+02"
stg_tpcds_store,market_id,integer,6.000000,1.0,0.8333333333333334,5,false,"2","10",6.5,"7.5","2024-05-27 15:12:45.639+02"
stg_tpcds_store,geography_class,varchar,6.000000,1.0,0.16666666666666666,1,false,Unknown,Unknown,,Unknown,"2024-05-27 15:12:45.639+02"
stg_tpcds_store,market_desc,varchar,6.000000,1.0,0.6666666666666666,4,false,"Economic shadows may pay over; federal, stupid dru",Results would face m,,"Economic shadows may pay over; federal, stupid dru","2024-05-27 15:12:45.639+02"
stg_tpcds_store,market_manager,varchar,6.000000,1.0,0.5,3,false,Charles Bartley,Thomas Pollack,,David Lamontagne,"2024-05-27 15:12:45.639+02"
stg_tpcds_store,division_id,integer,6.000000,1.0,0.16666666666666666,1,false,"1","1",1.0,"1.0","2024-05-27 15:12:45.639+02"
stg_tpcds_store,division_name,varchar,6.000000,1.0,0.16666666666666666,1,false,Unknown,Unknown,,Unknown,"2024-05-27 15:12:45.639+02"
stg_tpcds_store,company_id,integer,6.000000,1.0,0.16666666666666666,1,false,"1","1",1.0,"1.0","2024-05-27 15:12:45.639+02"
stg_tpcds_store,company_name,varchar,6.000000,1.0,0.16666666666666666,1,false,Unknown,Unknown,,Unknown,"2024-05-27 15:12:45.639+02"
stg_tpcds_store,street_number,varchar,6.000000,1.0,0.8333333333333334,5,false,"220","877",,"27","2024-05-27 15:12:45.639+02"
stg_tpcds_store,street_name,varchar,6.000000,1.0,1.0,6,true,"6th ",Sycamore ,,Lee 6th,"2024-05-27 15:12:45.639+02"
stg_tpcds_store,street_type,varchar,6.000000,1.0,1.0,6,true,Court,Wy,,Lane,"2024-05-27 15:12:45.639+02"
stg_tpcds_store,suite_number,varchar,6.000000,1.0,1.0,6,true,Suite 140,Suite T,,Suite 260,"2024-05-27 15:12:45.639+02"
stg_tpcds_store,city,varchar,6.000000,1.0,0.16666666666666666,1,false,Midway,Midway,,Midway,"2024-05-27 15:12:45.639+02"
stg_tpcds_store,county,varchar,6.000000,1.0,0.16666666666666666,1,false,Williamson County,Williamson County,,Williamson County,"2024-05-27 15:12:45.639+02"
stg_tpcds_store,state,varchar,6.000000,1.0,0.16666666666666666,1,false,TN,TN,,TN,"2024-05-27 15:12:45.639+02"
stg_tpcds_store,zip,varchar,6.000000,1.0,0.16666666666666666,1,false,"31904","31904",,"31904","2024-05-27 15:12:45.639+02"
stg_tpcds_store,country,varchar,6.000000,1.0,0.16666666666666666,1,false,United States,United States,,United States,"2024-05-27 15:12:45.639+02"
stg_tpcds_store,gmt_offset,"decimal(5,2)",6.000000,1.0,0.16666666666666666,1,false,-5.00,-5.00,,-5.00,"2024-05-27 15:12:45.639+02"
stg_tpcds_store,tax_percentage,"decimal(5,2)",6.000000,1.0,0.16666666666666666,1,false,"0.03","0.03",,"0.03","2024-05-27 15:12:45.639+02"
stg_tpcds_web_site,web_site_id,integer,15.000000,1.0,1.0,15,true,"1","15",8.0,"8.0","2024-05-27 15:12:45.639+02"
stg_tpcds_web_site,web_site_code,varchar,15.000000,1.0,0.5333333333333333,8,false,AAAAAAAABAAAAAAA,AAAAAAAAOAAAAAAA,,AAAAAAAAIAAAAAAA,"2024-05-27 15:12:45.639+02"
stg_tpcds_web_site,web_name,varchar,15.000000,1.0,0.2,3,false,site_0,site_2,,site_1,"2024-05-27 15:12:45.639+02"
stg_tpcds_web_site,web_class,varchar,15.000000,1.0,0.06666666666666667,1,false,Unknown,Unknown,,Unknown,"2024-05-27 15:12:45.639+02"
stg_tpcds_web_site,web_manager,varchar,15.000000,1.0,0.6666666666666666,10,false,Charles Parker,Tommy Jones,,John Thomas,"2024-05-27 15:12:45.639+02"
stg_tpcds_web_site,web_mkt_class,varchar,15.000000,1.0,0.7333333333333333,11,false,Grey lines ought to result indeed centres. Tod,Years arrest quite different contexts; ani,,Open writers find later. Patterns like later labou,"2024-05-27 15:12:45.639+02"
stg_tpcds_web_site,web_mkt_desc,varchar,15.000000,1.0,0.9333333333333333,14,false,"Above possible winners shall add sure, beneficial others",Young weeks would resign. Lessons might not assess a,,Patients can maintain. Radical names may bear private procee,"2024-05-27 15:12:45.639+02"
stg_tpcds_web_site,web_market_manager,varchar,15.000000,1.0,0.8,12,false,Casey Banks,William Reyes,,Gilbert Chapman,"2024-05-27 15:12:45.639+02"
stg_tpcds_web_site,web_company_name,varchar,15.000000,1.0,0.3333333333333333,5,false,able,ought,,anti,"2024-05-27 15:12:45.639+02"
stg_tpcds_web_site,web_street_number,varchar,15.000000,1.0,0.7333333333333333,11,false,"303","973",,"805","2024-05-27 15:12:45.639+02"
stg_tpcds_web_site,web_street_name,varchar,15.000000,1.0,1.0,15,true,"11th ",Washington ,,Dogwood Sunset,"2024-05-27 15:12:45.639+02"
stg_tpcds_web_site,web_street_type,varchar,15.000000,1.0,0.6666666666666666,10,false,Avenue,Road,,Dr.,"2024-05-27 15:12:45.639+02"
stg_tpcds_web_site,web_suite_number,varchar,15.000000,1.0,0.8,12,false,Suite 130,Suite R,,Suite 390,"2024-05-27 15:12:45.639+02"
stg_tpcds_web_site,web_city,varchar,15.000000,1.0,0.06666666666666667,1,false,Midway,Midway,,Midway,"2024-05-27 15:12:45.639+02"
stg_tpcds_web_site,web_county,varchar,15.000000,1.0,0.06666666666666667,1,false,Williamson County,Williamson County,,Williamson County,"2024-05-27 15:12:45.639+02"
stg_tpcds_web_site,web_state,varchar,15.000000,1.0,0.06666666666666667,1,false,TN,TN,,TN,"2024-05-27 15:12:45.639+02"
stg_tpcds_web_site,web_zip,varchar,15.000000,1.0,0.06666666666666667,1,false,"31904","31904",,"31904","2024-05-27 15:12:45.639+02"
stg_tpcds_web_site,web_country,varchar,15.000000,1.0,0.06666666666666667,1,false,United States,United States,,United States,"2024-05-27 15:12:45.639+02"
stg_tpcds_web_site,web_tax_percentage,"decimal(5,2)",15.000000,1.0,0.4666666666666667,7,false,"0.00","0.12",,"0.07","2024-05-27 15:12:45.639+02"
stg_tpcds_web_site,record_start_date,date,15.000000,1.0,0.26666666666666666,4,false,"1997-08-16","2001-08-16",,"1997-08-16 00:00:00","2024-05-27 15:12:45.639+02"
stg_tpcds_web_site,record_end_date,date,15.000000,0.4666666666666667,0.2,3,false,"1999-08-16","2001-08-15",,"2000-08-15 00:00:00","2024-05-27 15:12:45.639+02"
stg_tpcds_web_site,open_date_id,integer,15.000000,1.0,0.5333333333333333,8,false,"2450696","2450807",2450752.2,"2450747.0","2024-05-27 15:12:45.639+02"
stg_tpcds_web_site,close_date_id,integer,15.000000,0.8,0.3333333333333333,5,false,"2448871","2449868",2449306.25,"2448973.0","2024-05-27 15:12:45.639+02"
stg_tpcds_web_site,market_id,integer,15.000000,1.0,0.4,6,false,"1","6",3.1333333333333333,"3.0","2024-05-27 15:12:45.639+02"
stg_tpcds_web_site,company_id,integer,15.000000,1.0,0.3333333333333333,5,false,"1","6",3.7333333333333334,"4.0","2024-05-27 15:12:45.639+02"
stg_tpcds_web_site,gmt_offset,"decimal(5,2)",15.000000,1.0,0.06666666666666667,1,false,-5.00,-5.00,,-5.00,"2024-05-27 15:12:45.639+02"
stg_tpcds_date_dim,date_sk,integer,73049.000000,1.0,1.0,73049,true,"2415022","2488070",2451546.0,"2451546.0","2024-05-27 15:12:45.639+02"
stg_tpcds_date_dim,date_id,varchar,73049.000000,1.0,1.0,73049,true,AAAAAAAAAAAAFCAA,AAAAAAAAPPPPECAA,,AAAAAAAAHPPOECAA,"2024-05-27 15:12:45.639+02"
stg_tpcds_date_dim,date,date,73049.000000,1.0,1.0,73049,true,"1900-01-02","2100-01-01",,"2000-01-02 00:00:00","2024-05-27 15:12:45.639+02"
stg_tpcds_date_dim,month_seq,integer,73049.000000,1.0,0.03286834864269189,2401,false,"0","2400",1199.5598707716738,"1200.0","2024-05-27 15:12:45.639+02"
stg_tpcds_date_dim,week_seq,integer,73049.000000,1.0,0.14286300976057167,10436,false,"1","10436",5218.2857260195215,"5218.0","2024-05-27 15:12:45.639+02"
stg_tpcds_date_dim,quarter_seq,integer,73049.000000,1.0,0.01096524250845323,801,false,"1","801",400.85489192186066,"401.0","2024-05-27 15:12:45.639+02"
stg_tpcds_date_dim,year,integer,73049.000000,1.0,0.002751577708113732,201,false,"1900","2100",1999.5030732795794,"2000.0","2024-05-27 15:12:45.639+02"
stg_tpcds_date_dim,dow,integer,73049.000000,1.0,0.0000958260893373,7,false,"0","6",2.999986310558666,"3.0","2024-05-27 15:12:45.639+02"
stg_tpcds_date_dim,moy,integer,73049.000000,1.0,0.0001642732960068,12,false,"1","12",6.522991416720283,"7.0","2024-05-27 15:12:45.639+02"
stg_tpcds_date_dim,dom,integer,73049.000000,1.0,0.0004243726813509,31,false,"1","31",15.729455570918152,"16.0","2024-05-27 15:12:45.639+02"
stg_tpcds_date_dim,qoy,integer,73049.000000,1.0,0.0000547577653356,4,false,"1","4",2.502416186395433,"3.0","2024-05-27 15:12:45.639+02"
stg_tpcds_date_dim,fy_year,integer,73049.000000,1.0,0.002751577708113732,201,false,"1900","2100",1999.5030732795794,"2000.0","2024-05-27 15:12:45.639+02"
stg_tpcds_date_dim,fy_quarter_seq,integer,73049.000000,1.0,0.01096524250845323,801,false,"1","801",400.85489192186066,"401.0","2024-05-27 15:12:45.639+02"
stg_tpcds_date_dim,fy_week_seq,integer,73049.000000,1.0,0.14286300976057167,10436,false,"1","10436",5218.2857260195215,"5218.0","2024-05-27 15:12:45.639+02"
stg_tpcds_date_dim,day_name,varchar,73049.000000,1.0,0.0000958260893373,7,false,Friday,Wednesday,,Sunday,"2024-05-27 15:12:45.639+02"
stg_tpcds_date_dim,quarter_name,varchar,73049.000000,1.0,0.01096524250845323,801,false,"1900Q1","2100Q1",,"2000Q1","2024-05-27 15:12:45.639+02"
stg_tpcds_date_dim,holiday,varchar,73049.000000,1.0,0.0000273788826678,2,false,N,Y,,N,"2024-05-27 15:12:45.639+02"
stg_tpcds_date_dim,weekend,varchar,73049.000000,1.0,0.0000273788826678,2,false,N,Y,,N,"2024-05-27 15:12:45.639+02"
stg_tpcds_date_dim,following_holiday,varchar,73049.000000,1.0,0.0000273788826678,2,false,N,Y,,N,"2024-05-27 15:12:45.639+02"
stg_tpcds_date_dim,first_dom,integer,73049.000000,1.0,0.03286834864269189,2401,false,"2415021","2488070",2451531.2705444293,"2451545.0","2024-05-27 15:12:45.639+02"
stg_tpcds_date_dim,last_dom,integer,73049.000000,1.0,0.03286834864269189,2401,false,"2415020","2488372",2451697.6680310476,"2451725.0","2024-05-27 15:12:45.639+02"
stg_tpcds_date_dim,same_day_ly,integer,73049.000000,1.0,0.999329217374639,73000,false,"2414657","2487705",2451180.7544935592,"2451181.0","2024-05-27 15:12:45.639+02"
stg_tpcds_date_dim,same_day_lq,integer,73049.000000,1.0,0.9951950060918014,72698,false,"2414930","2487978",2451454.689140166,"2451454.0","2024-05-27 15:12:45.639+02"
stg_tpcds_date_dim,current_day,varchar,73049.000000,1.0,0.0000136894413339,1,false,N,N,,N,"2024-05-27 15:12:45.639+02"
stg_tpcds_date_dim,current_week,varchar,73049.000000,1.0,0.0000136894413339,1,false,N,N,,N,"2024-05-27 15:12:45.639+02"
stg_tpcds_date_dim,current_month,varchar,73049.000000,1.0,0.0000273788826678,2,false,N,Y,,N,"2024-05-27 15:12:45.639+02"
stg_tpcds_date_dim,current_quarter,varchar,73049.000000,1.0,0.0000273788826678,2,false,N,Y,,N,"2024-05-27 15:12:45.639+02"
stg_tpcds_date_dim,current_year,varchar,73049.000000,1.0,0.0000273788826678,2,false,N,Y,,N,"2024-05-27 15:12:45.639+02"
stg_tpcds_reason,reason_sk,integer,17.000000,1.0,1.0,17,true,"1","17",9.0,"9.0","2024-05-27 15:12:45.639+02"
stg_tpcds_reason,reason_id,varchar,17.000000,1.0,1.0,17,true,AAAAAAAAABAAAAAA,AAAAAAAAPAAAAAAA,,AAAAAAAAHAAAAAAA,"2024-05-27 15:12:45.639+02"
stg_tpcds_reason,reason_desc,varchar,17.000000,1.0,1.0,17,true,Did not fit,Wrong size,,Found a better price in a store,"2024-05-27 15:12:45.639+02"
stg_tpcds_warehouse,warehouse_sk,integer,2.000000,1.0,1.0,2,true,"1","2",1.5,"1.5","2024-05-27 15:12:45.639+02"
stg_tpcds_warehouse,warehouse_id,varchar,2.000000,1.0,1.0,2,true,AAAAAAAABAAAAAAA,AAAAAAAACAAAAAAA,,AAAAAAAABAAAAAAA,"2024-05-27 15:12:45.639+02"
stg_tpcds_warehouse,warehouse_name,varchar,2.000000,1.0,1.0,2,true,Conventional childr,Of course ot,,Conventional childr,"2024-05-27 15:12:45.639+02"
stg_tpcds_warehouse,warehouse_sq_ft,integer,2.000000,1.0,1.0,2,true,"138504","977787",558145.5,"558145.5","2024-05-27 15:12:45.639+02"
stg_tpcds_warehouse,street_number,varchar,2.000000,1.0,1.0,2,true,"600","651",,"600","2024-05-27 15:12:45.639+02"
stg_tpcds_warehouse,street_name,varchar,2.000000,1.0,1.0,2,true,"6th ",View First,,"6th ","2024-05-27 15:12:45.639+02"
stg_tpcds_warehouse,street_type,varchar,2.000000,1.0,1.0,2,true,Avenue,Parkway,,Avenue,"2024-05-27 15:12:45.639+02"
stg_tpcds_warehouse,suite_number,varchar,2.000000,1.0,1.0,2,true,Suite 470,Suite P,,Suite 470,"2024-05-27 15:12:45.639+02"
stg_tpcds_warehouse,city,varchar,2.000000,1.0,0.5,1,false,Midway,Midway,,Midway,"2024-05-27 15:12:45.639+02"
stg_tpcds_warehouse,county,varchar,2.000000,1.0,0.5,1,false,Williamson County,Williamson County,,Williamson County,"2024-05-27 15:12:45.639+02"
stg_tpcds_warehouse,state,varchar,2.000000,1.0,0.5,1,false,TN,TN,,TN,"2024-05-27 15:12:45.639+02"
stg_tpcds_warehouse,zip,varchar,2.000000,1.0,0.5,1,false,"31904","31904",,"31904","2024-05-27 15:12:45.639+02"
stg_tpcds_warehouse,country,varchar,2.000000,1.0,0.5,1,false,United States,United States,,United States,"2024-05-27 15:12:45.639+02"
stg_tpcds_warehouse,gmt_offset,"decimal(5,2)",2.000000,1.0,0.5,1,false,-5.00,-5.00,,-5.00,"2024-05-27 15:12:45.639+02"
stg_tpcds_web_page,web_page_sk,integer,30.000000,1.0,1.0,30,true,"1","30",15.5,"15.5","2024-05-27 15:12:45.639+02"
stg_tpcds_web_page,web_page_id,varchar,30.000000,1.0,0.5,15,false,AAAAAAAAABAAAAAA,AAAAAAAAOAAAAAAA,,AAAAAAAAGBAAAAAA,"2024-05-27 15:12:45.639+02"
stg_tpcds_web_page,rec_start_date,date,30.000000,1.0,0.13333333333333333,4,false,"1997-09-03","2001-09-03",,"1998-09-03 12:00:00","2024-05-27 15:12:45.639+02"
stg_tpcds_web_page,rec_end_date,date,30.000000,0.5,0.1,3,false,"1999-09-03","2001-09-02",,"2000-09-02 00:00:00","2024-05-27 15:12:45.639+02"
stg_tpcds_web_page,creation_date_sk,integer,30.000000,0.9666666666666667,0.26666666666666666,8,false,"2450807","2450815",2450811.275862069,"2450812.0","2024-05-27 15:12:45.639+02"
stg_tpcds_web_page,access_date_sk,integer,30.000000,1.0,0.6333333333333333,19,false,"2452555","2452648",2452607.933333333,"2452611.0","2024-05-27 15:12:45.639+02"
stg_tpcds_web_page,autogen_flag,varchar,30.000000,1.0,0.06666666666666667,2,false,N,Y,,N,"2024-05-27 15:12:45.639+02"
stg_tpcds_web_page,customer_sk,integer,30.000000,0.4,0.3,9,false,"1898","48539",28369.25,"26838.0","2024-05-27 15:12:45.639+02"
stg_tpcds_web_page,url,varchar,30.000000,1.0,0.03333333333333333,1,false,http://www.foo.com,http://www.foo.com,,http://www.foo.com,"2024-05-27 15:12:45.639+02"
stg_tpcds_web_page,type,varchar,30.000000,0.9666666666666667,0.23333333333333334,7,false,ad,welcome,,general,"2024-05-27 15:12:45.639+02"
stg_tpcds_web_page,char_count,integer,30.000000,0.9666666666666667,0.7,21,false,"701","7046",3051.344827586207,"2531.0","2024-05-27 15:12:45.639+02"
stg_tpcds_web_page,link_count,integer,30.000000,0.9666666666666667,0.5,15,false,"2","25",12.10344827586207,"11.0","2024-05-27 15:12:45.639+02"
stg_tpcds_web_page,image_count,integer,30.000000,0.9666666666666667,0.23333333333333334,7,false,"1","7",4.0,"4.0","2024-05-27 15:12:45.639+02"
stg_tpcds_web_page,max_ad_count,integer,30.000000,0.9666666666666667,0.16666666666666666,5,false,"0","4",2.6206896551724137,"3.0","2024-05-27 15:12:45.639+02"
stg_tpcds_catalog_returns,returned_date_sk,integer,72007.000000,1.0,0.028469454358604023,2050,false,"2450838","2452910",2451922.610246226,"2451938.0","2024-05-27 15:12:45.639+02"
stg_tpcds_catalog_returns,returned_time_sk,integer,72007.000000,1.0,0.639979446442707,46083,false,"1","86384",49129.88601108226,"49795.0","2024-05-27 15:12:45.639+02"
stg_tpcds_catalog_returns,item_sk,integer,72007.000000,1.0,0.12414070854222506,8939,false,"1","9000",4494.511283625203,"4496.0","2024-05-27 15:12:45.639+02"
stg_tpcds_catalog_returns,refunded_customer_sk,integer,72007.000000,0.9800158317941311,0.4204868971072257,30278,false,"1","50000",24914.293064845257,"24897.0","2024-05-27 15:12:45.639+02"
stg_tpcds_catalog_returns,refunded_cdemo_sk,integer,72007.000000,0.9797241934811893,0.6308831085866652,45428,false,"5","960365",481811.5428437779,"484158.0","2024-05-27 15:12:45.639+02"
stg_tpcds_catalog_returns,refunded_hdemo_sk,integer,72007.000000,0.979932506561862,0.09972641548738317,7181,false,"1","7200",3590.1723165443154,"3580.5","2024-05-27 15:12:45.639+02"
stg_tpcds_catalog_returns,refunded_addr_sk,integer,72007.000000,0.9799880567167081,0.29376310636465897,21153,false,"1","25000",12515.393007964176,"12452.0","2024-05-27 15:12:45.639+02"
stg_tpcds_catalog_returns,returning_customer_sk,integer,72007.000000,0.979932506561862,0.5242129237435249,37747,false,"2","49998",24996.3488846688,"25034.5","2024-05-27 15:12:45.639+02"
stg_tpcds_catalog_returns,returning_cdemo_sk,integer,72007.000000,0.9793353423972669,0.939228130598414,67631,false,"13","960396",481890.8550177966,"481891.0","2024-05-27 15:12:45.639+02"
stg_tpcds_catalog_returns,returning_hdemo_sk,integer,72007.000000,0.9801130445651117,0.09999027872290193,7200,false,"1","7200",3609.443287283032,"3617.0","2024-05-27 15:12:45.639+02"
stg_tpcds_catalog_returns,returning_addr_sk,integer,72007.000000,0.9799186190231505,0.3257738830946991,23458,false,"1","25000",12530.855543430507,"12544.0","2024-05-27 15:12:45.639+02"
stg_tpcds_catalog_returns,call_center_sk,integer,72007.000000,0.9796825308650547,0.0000416626161345,3,false,"1","3",1.704028691313223,"2.0","2024-05-27 15:12:45.639+02"
stg_tpcds_catalog_returns,catalog_page_sk,integer,72007.000000,0.9796408682489203,0.08708875525990528,6271,false,"1","9828",4269.691555265732,"4084.0","2024-05-27 15:12:45.639+02"
stg_tpcds_catalog_returns,ship_mode_sk,integer,72007.000000,0.9803769078006305,0.0002777507742303,20,false,"1","20",10.519024279683826,"11.0","2024-05-27 15:12:45.639+02"
stg_tpcds_catalog_returns,warehouse_sk,integer,72007.000000,0.9799186190231505,0.000027775077423,2,false,"1","2",1.500843242017545,"2.0","2024-05-27 15:12:45.639+02"
stg_tpcds_catalog_returns,reason_sk,integer,72007.000000,0.9799880567167081,0.0002360881580957,17,false,"1","17",9.015333163279767,"9.0","2024-05-27 15:12:45.639+02"
stg_tpcds_catalog_returns,order_number,integer,72007.000000,1.0,0.655241851486661,47182,false,"2","79996",40004.71376393962,"39961.0","2024-05-27 15:12:45.639+02"
stg_tpcds_catalog_returns,return_quantity,integer,72007.000000,0.97982140625217,0.001388753871151416,100,false,"1","100",25.872409785412593,"20.0","2024-05-27 15:12:45.639+02"
stg_tpcds_catalog_returns,return_amount,"decimal(7,2)",72007.000000,0.9793353423972669,0.695835127140417,50105,false,"0.00","24017.20",,"530.84","2024-05-27 15:12:45.639+02"
stg_tpcds_catalog_returns,return_tax,"decimal(7,2)",72007.000000,0.9796686433263433,0.25754440540503004,18545,false,"0.00","1888.60",,"15.98","2024-05-27 15:12:45.639+02"
stg_tpcds_catalog_returns,return_amt_inc_tax,"decimal(7,2)",72007.000000,0.9796130931714973,0.7833960587165136,56410,false,"0.00","25938.57",,"554.45","2024-05-27 15:12:45.639+02"
stg_tpcds_catalog_returns,fee,"decimal(7,2)",72007.000000,0.9792381296262863,0.13812546002471981,9946,false,"0.50","100.00",,"50.22","2024-05-27 15:12:45.639+02"
stg_tpcds_catalog_returns,return_ship_cost,"decimal(7,2)",72007.000000,0.9799602816392851,0.5765828322246448,41518,false,"0.00","12448.43",,"261.92","2024-05-27 15:12:45.639+02"
stg_tpcds_catalog_returns,refunded_cash,"decimal(7,2)",72007.000000,0.9793770050134015,0.6317996861416251,45494,false,"0.00","19293.48",,"194.79","2024-05-27 15:12:45.639+02"
stg_tpcds_catalog_returns,reversed_charge,"decimal(7,2)",72007.000000,0.9801408196425347,0.4897440526615468,35265,false,"0.00","16943.08",,"74.77","2024-05-27 15:12:45.639+02"
stg_tpcds_catalog_returns,store_credit,"decimal(7,2)",72007.000000,0.9798630688683044,0.4839529490188454,34848,false,"0.00","13963.13",,"71.20","2024-05-27 15:12:45.639+02"
stg_tpcds_catalog_returns,net_loss,"decimal(7,2)",72007.000000,0.9799186190231505,0.7349563236907523,52922,false,"0.68","12998.06",,"350.83","2024-05-27 15:12:45.639+02"
stg_tpcds_income_band,income_band_sk,integer,20.000000,1.0,1.0,20,true,"1","20",10.5,"10.5","2024-05-27 15:12:45.639+02"
stg_tpcds_income_band,lower_bound,integer,20.000000,1.0,1.0,20,true,"0","190001",95000.95,"95001.0","2024-05-27 15:12:45.639+02"
stg_tpcds_income_band,upper_bound,integer,20.000000,1.0,1.0,20,true,"10000","200000",105000.0,"105000.0","2024-05-27 15:12:45.639+02"
stg_tpcds_promotion,promo_sk,integer,150.000000,1.0,1.0,150,true,"1","150",75.5,"75.5","2024-05-27 15:12:45.639+02"
stg_tpcds_promotion,promo_id,varchar,150.000000,1.0,1.0,150,true,AAAAAAAAABAAAAAA,AAAAAAAAPIAAAAAA,,AAAAAAAAHFAAAAAA,"2024-05-27 15:12:45.639+02"
stg_tpcds_promotion,start_date_sk,integer,150.000000,0.9733333333333334,0.9066666666666666,136,false,"2450102","2450900",2450527.383561644,"2450571.0","2024-05-27 15:12:45.639+02"
stg_tpcds_promotion,end_date_sk,integer,150.000000,0.98,0.9066666666666666,136,false,"2450132","2450954",2450562.4149659863,"2450593.0","2024-05-27 15:12:45.639+02"
stg_tpcds_promotion,item_sk,integer,150.000000,0.9733333333333334,0.9533333333333334,143,false,"28","8860",4385.527397260274,"4175.0","2024-05-27 15:12:45.639+02"
stg_tpcds_promotion,cost,"decimal(15,2)",150.000000,0.98,0.006666666666666667,1,false,"1000.00","1000.00",,"1000.00","2024-05-27 15:12:45.639+02"
stg_tpcds_promotion,response_target,integer,150.000000,0.9666666666666667,0.006666666666666667,1,false,"1","1",1.0,"1.0","2024-05-27 15:12:45.639+02"
stg_tpcds_promotion,promo_name,varchar,150.000000,0.98,0.06666666666666667,10,false,able,pri,,cally,"2024-05-27 15:12:45.639+02"
stg_tpcds_promotion,channel_dmail,varchar,150.000000,0.9866666666666667,0.013333333333333334,2,false,N,Y,,Y,"2024-05-27 15:12:45.639+02"
stg_tpcds_promotion,channel_email,varchar,150.000000,0.98,0.006666666666666667,1,false,N,N,,N,"2024-05-27 15:12:45.639+02"
stg_tpcds_promotion,channel_catalog,varchar,150.000000,0.9933333333333333,0.006666666666666667,1,false,N,N,,N,"2024-05-27 15:12:45.639+02"
stg_tpcds_promotion,channel_tv,varchar,150.000000,0.98,0.006666666666666667,1,false,N,N,,N,"2024-05-27 15:12:45.639+02"
stg_tpcds_promotion,channel_radio,varchar,150.000000,0.98,0.006666666666666667,1,false,N,N,,N,"2024-05-27 15:12:45.639+02"
stg_tpcds_promotion,channel_press,varchar,150.000000,0.98,0.006666666666666667,1,false,N,N,,N,"2024-05-27 15:12:45.639+02"
stg_tpcds_promotion,channel_event,varchar,150.000000,0.9933333333333333,0.006666666666666667,1,false,N,N,,N,"2024-05-27 15:12:45.639+02"
stg_tpcds_promotion,channel_demo,varchar,150.000000,0.9933333333333333,0.006666666666666667,1,false,N,N,,N,"2024-05-27 15:12:45.639+02"
stg_tpcds_promotion,channel_details,varchar,150.000000,0.9933333333333333,0.9933333333333333,149,false,About final properties receive. Ach,Young families act. Most full prizes avert eastern glasses,,Long urban newspapers use to a eyeb,"2024-05-27 15:12:45.639+02"
stg_tpcds_promotion,purpose,varchar,150.000000,0.9866666666666667,0.006666666666666667,1,false,Unknown,Unknown,,Unknown,"2024-05-27 15:12:45.639+02"
stg_tpcds_promotion,discount_active,varchar,150.000000,0.98,0.006666666666666667,1,false,N,N,,N,"2024-05-27 15:12:45.639+02"
stg_customer_copilot,c_customer_sk,integer,50000.000000,1.0,1.0,50000,true,"1","50000",25000.5,"25000.5","2024-05-27 15:12:45.639+02"
stg_customer_copilot,c_customer_id,varchar,50000.000000,1.0,1.0,50000,true,AAAAAAAAAAABAAAA,AAAAAAAAPPPLAAAA,,AAAAAAAAHPPLAAAA,"2024-05-27 15:12:45.639+02"
stg_customer_copilot,c_current_cdemo_sk,integer,50000.000000,0.96656,0.94208,47104,false,"4","960392",479838.9120592617,"478766.0","2024-05-27 15:12:45.639+02"
stg_customer_copilot,c_current_hdemo_sk,integer,50000.000000,0.96648,0.14386,7193,false,"1","7200",3601.4967097094614,"3605.0","2024-05-27 15:12:45.639+02"
stg_customer_copilot,c_current_addr_sk,integer,50000.000000,1.0,0.43192,21596,false,"1","25000",12513.6376,"12539.0","2024-05-27 15:12:45.639+02"
stg_customer_copilot,c_first_shipto_date_sk,integer,50000.000000,0.96652,0.07302,3651,false,"2449028","2452678",2450858.6720812814,"2450873.0","2024-05-27 15:12:45.639+02"
stg_customer_copilot,c_first_sales_date_sk,integer,50000.000000,0.9643,0.07302,3651,false,"2448998","2452648",2450829.3434200976,"2450844.0","2024-05-27 15:12:45.639+02"
stg_customer_copilot,c_salutation,varchar,50000.000000,0.96582,0.00012,6,false,Dr.,Sir,,Mr.,"2024-05-27 15:12:45.639+02"
stg_customer_copilot,c_first_name,varchar,50000.000000,0.96578,0.06822,3411,false,Aaron,Zulema,,Joseph,"2024-05-27 15:12:45.639+02"
stg_customer_copilot,c_last_name,varchar,50000.000000,0.96562,0.09544,4772,false,Aaron,Zuniga,,Lamb,"2024-05-27 15:12:45.639+02"
stg_customer_copilot,c_preferred_cust_flag,varchar,50000.000000,0.96574,0.00004,2,false,N,Y,,N,"2024-05-27 15:12:45.639+02"
stg_customer_copilot,c_birth_day,integer,50000.000000,0.96542,0.00062,31,false,"1","31",15.603157175115493,"16.0","2024-05-27 15:12:45.639+02"
stg_customer_copilot,c_birth_month,integer,50000.000000,0.96606,0.00024,12,false,"1","12",6.50301223526489,"7.0","2024-05-27 15:12:45.639+02"
stg_customer_copilot,c_birth_year,integer,50000.000000,0.96624,0.00138,69,false,"1924","1992",1958.0085899983442,"1958.0","2024-05-27 15:12:45.639+02"
stg_customer_copilot,c_birth_country,varchar,50000.000000,0.9663,0.00422,211,false,AFGHANISTAN,ZIMBABWE,,LESOTHO,"2024-05-27 15:12:45.639+02"
stg_customer_copilot,c_login,varchar,50000.000000,0.96588,0.00002,1,false,"","",,"","2024-05-27 15:12:45.639+02"
stg_customer_copilot,c_email_address,varchar,50000.000000,0.96572,0.96572,48286,false,Aaron.Anderson@0CQ4QUkBY2Q.edu,Zulema.Kearns@2CKD6zONKDq.org,,Joseph.Abel@xPGz.org,"2024-05-27 15:12:45.639+02"
stg_customer_copilot,c_last_review_date_sk,integer,50000.000000,0.96612,0.00732,366,false,"2452283","2452648",2452464.787521219,"2452465.0","2024-05-27 15:12:45.639+02"
stg_web_sales_copilot,ws_sold_date_sk,integer,359584.000000,0.9997497107768978,0.005069747263504494,1823,false,"2450816","2452642",2451780.1082883165,"2451805.0","2024-05-27 15:12:45.639+02"
stg_web_sales_copilot,ws_sold_time_sk,integer,359584.000000,0.9997524917682655,0.06804807777876658,24469,false,"31","86367",49208.89246025675,"50045.0","2024-05-27 15:12:45.639+02"
stg_web_sales_copilot,ws_ship_date_sk,integer,359584.000000,0.9997775206905758,0.005409028210376435,1945,false,"2450818","2452762",2451840.694387267,"2451865.0","2024-05-27 15:12:45.639+02"
stg_web_sales_copilot,ws_item_sk,integer,359584.000000,1.0,0.02502892231022515,9000,false,"1","9000",4494.241292716028,"4500.0","2024-05-27 15:12:45.639+02"
stg_web_sales_copilot,ws_bill_customer_sk,integer,359584.000000,0.9997524917682655,0.06273082228352764,22557,false,"1","50000",24944.500301812266,"24941.0","2024-05-27 15:12:45.639+02"
stg_web_sales_copilot,ws_bill_cdemo_sk,integer,359584.000000,0.999788644656047,0.08213101806531993,29533,false,"18","960286",479367.4197375302,"477027.0","2024-05-27 15:12:45.639+02"
stg_web_sales_copilot,ws_bill_hdemo_sk,integer,359584.000000,0.9997663967251046,0.019692199875411587,7081,false,"1","7200",3616.1770848400556,"3631.0","2024-05-27 15:12:45.639+02"
stg_web_sales_copilot,ws_bill_addr_sk,integer,359584.000000,0.9997830826733114,0.048469898549434905,17429,false,"1","25000",12530.550405278354,"12530.0","2024-05-27 15:12:45.639+02"
stg_web_sales_copilot,ws_ship_customer_sk,integer,359584.000000,0.9997747396992079,0.06254171487051705,22489,false,"4","49997",25160.876026069323,"25247.0","2024-05-27 15:12:45.639+02"
stg_web_sales_copilot,ws_ship_cdemo_sk,integer,359584.000000,0.9997636157337367,0.082200542849515,29558,false,"12","960370",481413.38883001066,"484099.0","2024-05-27 15:12:45.639+02"
stg_web_sales_copilot,ws_ship_hdemo_sk,integer,359584.000000,0.9997803016819435,0.019697761858147193,7083,false,"1","7200",3627.6643551550046,"3647.0","2024-05-27 15:12:45.639+02"
stg_web_sales_copilot,ws_ship_addr_sk,integer,359584.000000,0.9997830826733114,0.048639539022870874,17490,false,"1","25000",12510.28321919523,"12510.0","2024-05-27 15:12:45.639+02"
stg_web_sales_copilot,ws_web_page_sk,integer,359584.000000,0.9997580537510011,0.0000834297410341,30,false,"1","30",14.75859882001797,"14.0","2024-05-27 15:12:45.639+02"
stg_web_sales_copilot,ws_web_site_sk,integer,359584.000000,0.9997691777164723,0.000041714870517,15,false,"1","15",7.7271523584079045,"8.0","2024-05-27 15:12:45.639+02"
stg_web_sales_copilot,ws_ship_mode_sk,integer,359584.000000,0.9997636157337367,0.0000556198273561,20,false,"1","20",10.500563283903432,"10.0","2024-05-27 15:12:45.639+02"
stg_web_sales_copilot,ws_warehouse_sk,integer,359584.000000,0.9997663967251046,0.0000055619827356,2,false,"1","2",1.49947983310153,"1.0","2024-05-27 15:12:45.639+02"
stg_web_sales_copilot,ws_promo_sk,integer,359584.000000,0.9997524917682655,0.0004171487051704,150,false,"1","150",75.54147067414011,"76.0","2024-05-27 15:12:45.639+02"
stg_web_sales_copilot,ws_order_number,integer,359584.000000,1.0,0.08342974103408383,30000,false,"1","30000",15001.297401997865,"14995.0","2024-05-27 15:12:45.639+02"
stg_web_sales_copilot,ws_quantity,integer,359584.000000,0.9997469297855299,0.0002780991367803,100,false,"1","100",50.48146417315497,"51.0","2024-05-27 15:12:45.639+02"
stg_web_sales_copilot,ws_wholesale_cost,"decimal(7,2)",359584.000000,0.999802549612886,0.027534595532615468,9901,false,"1.00","100.00",,"50.63","2024-05-27 15:12:45.639+02"
stg_web_sales_copilot,ws_list_price,"decimal(7,2)",359584.000000,0.9997497107768978,0.07854632019222213,28244,false,"1.04","300.00",,"92.08","2024-05-27 15:12:45.639+02"
stg_web_sales_copilot,ws_sales_price,"decimal(7,2)",359584.000000,0.9997636157337367,0.06315075198006585,22708,false,"0.00","299.16",,"35.62","2024-05-27 15:12:45.639+02"
stg_web_sales_copilot,ws_ext_discount_amt,"decimal(7,2)",359584.000000,0.9997497107768978,0.5263387692444602,189263,false,"0.00","28498.00",,"1341.36","2024-05-27 15:12:45.639+02"
stg_web_sales_copilot,ws_ext_sales_price,"decimal(7,2)",359584.000000,0.9997858636646791,0.526483380795586,189315,false,"0.00","28592.19",,"1349.04","2024-05-27 15:12:45.639+02"
stg_web_sales_copilot,ws_ext_wholesale_cost,"decimal(7,2)",359584.000000,0.999760834742369,0.5385222924268043,193644,false,"1.00","9999.00",,"1919.82","2024-05-27 15:12:45.639+02"
stg_web_sales_copilot,ws_ext_list_price,"decimal(7,2)",359584.000000,0.9997441487941622,0.6863987274183501,246818,false,"1.23","29471.31",,"3611.09","2024-05-27 15:12:45.639+02"
stg_web_sales_copilot,ws_ext_tax,"decimal(7,2)",359584.000000,0.9997719587078402,0.14852162498887603,53406,false,"0.00","2426.59",,"34.48","2024-05-27 15:12:45.639+02"
stg_web_sales_copilot,ws_coupon_amt,"decimal(7,2)",359584.000000,0.9997552727596334,0.15647247930942423,56265,false,"0.00","23330.80",,"0.00","2024-05-27 15:12:45.639+02"
stg_web_sales_copilot,ws_ext_ship_cost,"decimal(7,2)",359584.000000,0.9997580537510011,0.3939023983269556,141641,false,"0.00","14231.25",,"670.27","2024-05-27 15:12:45.639+02"
stg_web_sales_copilot,ws_net_paid,"decimal(7,2)",359584.000000,0.9997775206905758,0.5471322417015217,196740,false,"0.00","28223.91",,"1123.80","2024-05-27 15:12:45.639+02"
stg_web_sales_copilot,ws_net_paid_inc_tax,"decimal(7,2)",359584.000000,0.9997497107768978,0.6452845510367535,232034,false,"0.00","30199.58",,"1173.78","2024-05-27 15:12:45.639+02"
stg_web_sales_copilot,ws_net_paid_inc_ship,"decimal(7,2)",359584.000000,1.0,0.6578518510278544,236553,false,"0.00","38654.55",,"2118.88","2024-05-27 15:12:45.639+02"
stg_web_sales_copilot,ws_net_paid_inc_ship_tax,"decimal(7,2)",359584.000000,1.0,0.7745172198985494,278504,false,"0.00","39731.35",,"2175.74","2024-05-27 15:12:45.639+02"
stg_web_sales_copilot,ws_net_profit,"decimal(7,2)",359584.000000,1.0,0.6021652798789713,216529,false,-9877.96,"18559.53",,-149.64,"2024-05-27 15:12:45.639+02"
stg_item_copilot,i_item_sk,integer,9000.000000,1.0,1.0,9000,true,"1","9000",4500.5,"4500.5","2024-05-27 15:12:45.639+02"
stg_item_copilot,i_item_id,varchar,9000.000000,1.0,0.5,4500,false,AAAAAAAAAAABAAAA,AAAAAAAAPPPBAAAA,,AAAAAAAAHPJAAAAA,"2024-05-27 15:12:45.639+02"
stg_item_copilot,i_rec_start_date,date,9000.000000,0.9971111111111111,0.0004444444444444,4,false,"1997-10-27","2001-10-27",,"1999-10-28 00:00:00","2024-05-27 15:12:45.639+02"
stg_item_copilot,i_rec_end_date,date,9000.000000,0.5,0.0003333333333333,3,false,"1999-10-27","2001-10-26",,"2000-10-26 00:00:00","2024-05-27 15:12:45.639+02"
stg_item_copilot,i_item_desc,varchar,9000.000000,0.9967777777777778,0.7502222222222222,6752,false,A,"Youngsters decide well numbers. Just cold countries eat other, young eyes. Special ",,"Major, new difficulties make over blue months. Extreme areas give for the minutes. High, mechanical studies like currently objections. Generations must not enable into the ","2024-05-27 15:12:45.639+02"
stg_item_copilot,i_current_price,"decimal(7,2)",9000.000000,0.9973333333333333,0.208,1872,false,"0.09","99.99",,"4.19","2024-05-27 15:12:45.639+02"
stg_item_copilot,i_wholesale_cost,"decimal(7,2)",9000.000000,0.9972222222222222,0.15911111111111112,1432,false,"0.03","85.83",,"2.36","2024-05-27 15:12:45.639+02"
stg_item_copilot,i_brand_id,integer,9000.000000,0.9968888888888889,0.10233333333333333,921,false,"1001001","10016017",5537521.514823897,"6002001.0","2024-05-27 15:12:45.639+02"
stg_item_copilot,i_brand,varchar,9000.000000,0.9976666666666667,0.07811111111111112,703,false,amalgamalg #1,univunivamalg #9,,exportibrand #6,"2024-05-27 15:12:45.639+02"
stg_item_copilot,i_class_id,integer,9000.000000,0.9982222222222222,0.0017777777777777779,16,false,"1","16",5.517698130008904,"4.0","2024-05-27 15:12:45.639+02"
stg_item_copilot,i_class,varchar,9000.000000,0.9973333333333333,0.011,99,false,accent,womens watch,,maternity,"2024-05-27 15:12:45.639+02"
stg_item_copilot,i_category_id,integer,9000.000000,0.9976666666666667,0.0011111111111111111,10,false,"1","10",5.507740282882281,"6.0","2024-05-27 15:12:45.639+02"
stg_item_copilot,i_category,varchar,9000.000000,0.9972222222222222,0.0011111111111111111,10,false,Books,Women,,Men,"2024-05-27 15:12:45.639+02"
stg_item_copilot,i_manufact_id,integer,9000.000000,0.9978888888888889,0.10644444444444444,958,false,"1","1000",334.48279701592253,"278.0","2024-05-27 15:12:45.639+02"
stg_item_copilot,i_manufact,varchar,9000.000000,0.9974444444444445,0.10488888888888889,944,false,able,pripripri,,callypriese,"2024-05-27 15:12:45.639+02"
stg_item_copilot,i_size,varchar,9000.000000,0.9976666666666667,0.0007777777777778,7,false,N/A,small,,N/A,"2024-05-27 15:12:45.639+02"
stg_item_copilot,i_formulation,varchar,9000.000000,0.9981111111111111,0.7498888888888889,6749,false,"00008255peru72877494",yellow98525476168526,,"5283violet8026030578","2024-05-27 15:12:45.639+02"
stg_item_copilot,i_color,varchar,9000.000000,0.9974444444444445,0.010222222222222223,92,false,almond,yellow,,red,"2024-05-27 15:12:45.639+02"
stg_item_copilot,i_units,varchar,9000.000000,0.9973333333333333,0.0023333333333333335,21,false,Box,Unknown,,Gross,"2024-05-27 15:12:45.639+02"
stg_item_copilot,i_container,varchar,9000.000000,0.9975555555555555,0.0001111111111111,1,false,Unknown,Unknown,,Unknown,"2024-05-27 15:12:45.639+02"
stg_item_copilot,i_manager_id,integer,9000.000000,0.9974444444444445,0.011111111111111112,100,false,"1","100",33.55931825776985,"28.0","2024-05-27 15:12:45.639+02"
stg_item_copilot,i_product_name,varchar,9000.000000,0.9975555555555555,0.9975555555555555,8978,false,able,pripripripri,,callypripriought,"2024-05-27 15:12:45.639+02"
stg_customer,customer_sk,integer,50000.000000,1.0,1.0,50000,true,"1","50000",25000.5,"25000.5","2024-05-27 15:12:45.639+02"
stg_customer,customer_id,varchar,50000.000000,1.0,1.0,50000,true,AAAAAAAAAAABAAAA,AAAAAAAAPPPLAAAA,,AAAAAAAAHPPLAAAA,"2024-05-27 15:12:45.639+02"
stg_customer,current_cdemo_sk,integer,50000.000000,0.96656,0.94208,47104,false,"4","960392",479838.9120592617,"478766.0","2024-05-27 15:12:45.639+02"
stg_customer,current_hdemo_sk,integer,50000.000000,0.96648,0.14386,7193,false,"1","7200",3601.4967097094614,"3605.0","2024-05-27 15:12:45.639+02"
stg_customer,current_addr_sk,integer,50000.000000,1.0,0.43192,21596,false,"1","25000",12513.6376,"12539.0","2024-05-27 15:12:45.639+02"
stg_customer,first_shipto_date_sk,integer,50000.000000,0.96652,0.07302,3651,false,"2449028","2452678",2450858.6720812814,"2450873.0","2024-05-27 15:12:45.639+02"
stg_customer,first_sales_date_sk,integer,50000.000000,0.9643,0.07302,3651,false,"2448998","2452648",2450829.3434200976,"2450844.0","2024-05-27 15:12:45.639+02"
stg_customer,salutation,varchar,50000.000000,0.96582,0.00012,6,false,Dr.,Sir,,Mr.,"2024-05-27 15:12:45.639+02"
stg_customer,first_name,varchar,50000.000000,0.96578,0.06822,3411,false,Aaron,Zulema,,Joseph,"2024-05-27 15:12:45.639+02"
stg_customer,last_name,varchar,50000.000000,0.96562,0.09544,4772,false,Aaron,Zuniga,,Lamb,"2024-05-27 15:12:45.639+02"
stg_customer,preferred_cust_flag,varchar,50000.000000,0.96574,0.00004,2,false,N,Y,,N,"2024-05-27 15:12:45.639+02"
stg_customer,birth_day,integer,50000.000000,0.96542,0.00062,31,false,"1","31",15.603157175115493,"16.0","2024-05-27 15:12:45.639+02"
stg_customer,birth_month,integer,50000.000000,0.96606,0.00024,12,false,"1","12",6.50301223526489,"7.0","2024-05-27 15:12:45.639+02"
stg_customer,birth_year,integer,50000.000000,0.96624,0.00138,69,false,"1924","1992",1958.0085899983442,"1958.0","2024-05-27 15:12:45.639+02"
stg_customer,birth_country,varchar,50000.000000,0.9663,0.00422,211,false,AFGHANISTAN,ZIMBABWE,,LESOTHO,"2024-05-27 15:12:45.639+02"
stg_customer,login,varchar,50000.000000,0.96588,0.00002,1,false,"","",,"","2024-05-27 15:12:45.639+02"
stg_customer,email_address,varchar,50000.000000,0.96572,0.96572,48286,false,Aaron.Anderson@0CQ4QUkBY2Q.edu,Zulema.Kearns@2CKD6zONKDq.org,,Joseph.Abel@xPGz.org,"2024-05-27 15:12:45.639+02"
stg_customer,last_review_date_sk,integer,50000.000000,0.96612,0.00732,366,false,"2452283","2452648",2452464.787521219,"2452465.0","2024-05-27 15:12:45.639+02"
stg_item,item_sk,integer,9000.000000,1.0,1.0,9000,true,"1","9000",4500.5,"4500.5","2024-05-27 15:12:45.639+02"
stg_item,item_id,varchar,9000.000000,1.0,0.5,4500,false,AAAAAAAAAAABAAAA,AAAAAAAAPPPBAAAA,,AAAAAAAAHPJAAAAA,"2024-05-27 15:12:45.639+02"
stg_item,rec_start_date,date,9000.000000,0.9971111111111111,0.0004444444444444,4,false,"1997-10-27","2001-10-27",,"1999-10-28 00:00:00","2024-05-27 15:12:45.639+02"
stg_item,rec_end_date,date,9000.000000,0.5,0.0003333333333333,3,false,"1999-10-27","2001-10-26",,"2000-10-26 00:00:00","2024-05-27 15:12:45.639+02"
stg_item,item_desc,varchar,9000.000000,0.9967777777777778,0.7502222222222222,6752,false,A,"Youngsters decide well numbers. Just cold countries eat other, young eyes. Special ",,"Major, new difficulties make over blue months. Extreme areas give for the minutes. High, mechanical studies like currently objections. Generations must not enable into the ","2024-05-27 15:12:45.639+02"
stg_item,current_price,"decimal(7,2)",9000.000000,0.9973333333333333,0.208,1872,false,"0.09","99.99",,"4.19","2024-05-27 15:12:45.639+02"
stg_item,wholesale_cost,"decimal(7,2)",9000.000000,0.9972222222222222,0.15911111111111112,1432,false,"0.03","85.83",,"2.36","2024-05-27 15:12:45.639+02"
stg_item,brand_id,integer,9000.000000,0.9968888888888889,0.10233333333333333,921,false,"1001001","10016017",5537521.514823897,"6002001.0","2024-05-27 15:12:45.639+02"
stg_item,brand,varchar,9000.000000,0.9976666666666667,0.07811111111111112,703,false,amalgamalg #1,univunivamalg #9,,exportibrand #6,"2024-05-27 15:12:45.639+02"
stg_item,class_id,integer,9000.000000,0.9982222222222222,0.0017777777777777779,16,false,"1","16",5.517698130008904,"4.0","2024-05-27 15:12:45.639+02"
stg_item,class,varchar,9000.000000,0.9973333333333333,0.011,99,false,accent,womens watch,,maternity,"2024-05-27 15:12:45.639+02"
stg_item,category_id,integer,9000.000000,0.9976666666666667,0.0011111111111111111,10,false,"1","10",5.507740282882281,"6.0","2024-05-27 15:12:45.639+02"
stg_item,category,varchar,9000.000000,0.9972222222222222,0.0011111111111111111,10,false,Books,Women,,Men,"2024-05-27 15:12:45.639+02"
stg_item,manufact_id,integer,9000.000000,0.9978888888888889,0.10644444444444444,958,false,"1","1000",334.48279701592253,"278.0","2024-05-27 15:12:45.639+02"
stg_item,manufact,varchar,9000.000000,0.9974444444444445,0.10488888888888889,944,false,able,pripripri,,callypriese,"2024-05-27 15:12:45.639+02"
stg_item,size,varchar,9000.000000,0.9976666666666667,0.0007777777777778,7,false,N/A,small,,N/A,"2024-05-27 15:12:45.639+02"
stg_item,formulation,varchar,9000.000000,0.9981111111111111,0.7498888888888889,6749,false,"00008255peru72877494",yellow98525476168526,,"5283violet8026030578","2024-05-27 15:12:45.639+02"
stg_item,color,varchar,9000.000000,0.9974444444444445,0.010222222222222223,92,false,almond,yellow,,red,"2024-05-27 15:12:45.639+02"
stg_item,units,varchar,9000.000000,0.9973333333333333,0.0023333333333333335,21,false,Box,Unknown,,Gross,"2024-05-27 15:12:45.639+02"
stg_item,container,varchar,9000.000000,0.9975555555555555,0.0001111111111111,1,false,Unknown,Unknown,,Unknown,"2024-05-27 15:12:45.639+02"
stg_item,manager_id,integer,9000.000000,0.9974444444444445,0.011111111111111112,100,false,"1","100",33.55931825776985,"28.0","2024-05-27 15:12:45.639+02"
stg_item,product_name,varchar,9000.000000,0.9975555555555555,0.9975555555555555,8978,false,able,pripripripri,,callypripriought,"2024-05-27 15:12:45.639+02"
stg_web_sales,ws_sold_date_sk,integer,359584.000000,0.9997497107768978,0.005069747263504494,1823,false,"2450816","2452642",2451780.1082883165,"2451805.0","2024-05-27 15:12:45.639+02"
stg_web_sales,ws_sold_time_sk,integer,359584.000000,0.9997524917682655,0.06804807777876658,24469,false,"31","86367",49208.89246025675,"50045.0","2024-05-27 15:12:45.639+02"
stg_web_sales,ws_ship_date_sk,integer,359584.000000,0.9997775206905758,0.005409028210376435,1945,false,"2450818","2452762",2451840.694387267,"2451865.0","2024-05-27 15:12:45.639+02"
stg_web_sales,ws_item_sk,integer,359584.000000,1.0,0.02502892231022515,9000,false,"1","9000",4494.241292716028,"4500.0","2024-05-27 15:12:45.639+02"
stg_web_sales,ws_bill_customer_sk,integer,359584.000000,0.9997524917682655,0.06273082228352764,22557,false,"1","50000",24944.500301812266,"24941.0","2024-05-27 15:12:45.639+02"
stg_web_sales,ws_bill_cdemo_sk,integer,359584.000000,0.999788644656047,0.08213101806531993,29533,false,"18","960286",479367.4197375302,"477027.0","2024-05-27 15:12:45.639+02"
stg_web_sales,ws_bill_hdemo_sk,integer,359584.000000,0.9997663967251046,0.019692199875411587,7081,false,"1","7200",3616.1770848400556,"3631.0","2024-05-27 15:12:45.639+02"
stg_web_sales,ws_bill_addr_sk,integer,359584.000000,0.9997830826733114,0.048469898549434905,17429,false,"1","25000",12530.550405278354,"12530.0","2024-05-27 15:12:45.639+02"
stg_web_sales,ws_ship_customer_sk,integer,359584.000000,0.9997747396992079,0.06254171487051705,22489,false,"4","49997",25160.876026069323,"25247.0","2024-05-27 15:12:45.639+02"
stg_web_sales,ws_ship_cdemo_sk,integer,359584.000000,0.9997636157337367,0.082200542849515,29558,false,"12","960370",481413.38883001066,"484099.0","2024-05-27 15:12:45.639+02"
stg_web_sales,ws_ship_hdemo_sk,integer,359584.000000,0.9997803016819435,0.019697761858147193,7083,false,"1","7200",3627.6643551550046,"3647.0","2024-05-27 15:12:45.639+02"
stg_web_sales,ws_ship_addr_sk,integer,359584.000000,0.9997830826733114,0.048639539022870874,17490,false,"1","25000",12510.28321919523,"12510.0","2024-05-27 15:12:45.639+02"
stg_web_sales,ws_web_page_sk,integer,359584.000000,0.9997580537510011,0.0000834297410341,30,false,"1","30",14.75859882001797,"14.0","2024-05-27 15:12:45.639+02"
stg_web_sales,ws_web_site_sk,integer,359584.000000,0.9997691777164723,0.000041714870517,15,false,"1","15",7.7271523584079045,"8.0","2024-05-27 15:12:45.639+02"
stg_web_sales,ws_ship_mode_sk,integer,359584.000000,0.9997636157337367,0.0000556198273561,20,false,"1","20",10.500563283903432,"10.0","2024-05-27 15:12:45.639+02"
stg_web_sales,ws_warehouse_sk,integer,359584.000000,0.9997663967251046,0.0000055619827356,2,false,"1","2",1.49947983310153,"1.0","2024-05-27 15:12:45.639+02"
stg_web_sales,ws_promo_sk,integer,359584.000000,0.9997524917682655,0.0004171487051704,150,false,"1","150",75.54147067414011,"76.0","2024-05-27 15:12:45.639+02"
stg_web_sales,ws_order_number,integer,359584.000000,1.0,0.08342974103408383,30000,false,"1","30000",15001.297401997865,"14995.0","2024-05-27 15:12:45.639+02"
stg_web_sales,ws_quantity,integer,359584.000000,0.9997469297855299,0.0002780991367803,100,false,"1","100",50.48146417315497,"51.0","2024-05-27 15:12:45.639+02"
stg_web_sales,ws_wholesale_cost,"decimal(7,2)",359584.000000,0.999802549612886,0.027534595532615468,9901,false,"1.00","100.00",,"50.63","2024-05-27 15:12:45.639+02"
stg_web_sales,ws_list_price,"decimal(7,2)",359584.000000,0.9997497107768978,0.07854632019222213,28244,false,"1.04","300.00",,"92.08","2024-05-27 15:12:45.639+02"
stg_web_sales,ws_sales_price,"decimal(7,2)",359584.000000,0.9997636157337367,0.06315075198006585,22708,false,"0.00","299.16",,"35.62","2024-05-27 15:12:45.639+02"
stg_web_sales,ws_ext_discount_amt,"decimal(7,2)",359584.000000,0.9997497107768978,0.5263387692444602,189263,false,"0.00","28498.00",,"1341.36","2024-05-27 15:12:45.639+02"
stg_web_sales,ws_ext_sales_price,"decimal(7,2)",359584.000000,0.9997858636646791,0.526483380795586,189315,false,"0.00","28592.19",,"1349.04","2024-05-27 15:12:45.639+02"
stg_web_sales,ws_ext_wholesale_cost,"decimal(7,2)",359584.000000,0.999760834742369,0.5385222924268043,193644,false,"1.00","9999.00",,"1919.82","2024-05-27 15:12:45.639+02"
stg_web_sales,ws_ext_list_price,"decimal(7,2)",359584.000000,0.9997441487941622,0.6863987274183501,246818,false,"1.23","29471.31",,"3611.09","2024-05-27 15:12:45.639+02"
stg_web_sales,ws_ext_tax,"decimal(7,2)",359584.000000,0.9997719587078402,0.14852162498887603,53406,false,"0.00","2426.59",,"34.48","2024-05-27 15:12:45.639+02"
stg_web_sales,ws_coupon_amt,"decimal(7,2)",359584.000000,0.9997552727596334,0.15647247930942423,56265,false,"0.00","23330.80",,"0.00","2024-05-27 15:12:45.639+02"
stg_web_sales,ws_ext_ship_cost,"decimal(7,2)",359584.000000,0.9997580537510011,0.3939023983269556,141641,false,"0.00","14231.25",,"670.27","2024-05-27 15:12:45.639+02"
stg_web_sales,ws_net_paid,"decimal(7,2)",359584.000000,0.9997775206905758,0.5471322417015217,196740,false,"0.00","28223.91",,"1123.80","2024-05-27 15:12:45.639+02"
stg_web_sales,ws_net_paid_inc_tax,"decimal(7,2)",359584.000000,0.9997497107768978,0.6452845510367535,232034,false,"0.00","30199.58",,"1173.78","2024-05-27 15:12:45.639+02"
stg_web_sales,ws_net_paid_inc_ship,"decimal(7,2)",359584.000000,1.0,0.6578518510278544,236553,false,"0.00","38654.55",,"2118.88","2024-05-27 15:12:45.639+02"
stg_web_sales,ws_net_paid_inc_ship_tax,"decimal(7,2)",359584.000000,1.0,0.7745172198985494,278504,false,"0.00","39731.35",,"2175.74","2024-05-27 15:12:45.639+02"
stg_web_sales,ws_net_profit,"decimal(7,2)",359584.000000,1.0,0.6021652798789713,216529,false,-9877.96,"18559.53",,-149.64,"2024-05-27 15:12:45.639+02"